STRUCTURE,STRUCTURE_ID,STRUCTURE_NAME,ACTION,CEN23_YEAR_001,Census year,CEN23_GEO_002,Area,CEN23_QUA_002,Highest qualification,CEN23_IND_003,Industry,CEN23_GEN_002,Gender,OBS_VALUE,Observation Value,OBS_STATUS,Observation Status
DATAFLOW,STATSNZ:CEN23_EDU_003(1.0),"Highest qualification, industry, and gender for the employed census usually resident population count aged 15 years and over, (RC, TALB, SA2, Health), 2013, 2018, and 2023 Censuses",I,2023,2023,9999,Total - New Zealand by regional council,9999,Total - highest qualification,9,Total - industry,99,Total - gender,2622723,,,
DATAFLOW,STATSNZ:CEN23_EDU_003(1.0),"Highest qualification, industry, and gender for the employed census usually resident population count aged 15 years and over, (RC, TALB, SA2, Health), 2013, 2018, and 2023 Censuses",I,2023,2023,9999,Total - New Zealand by regional council,008,Post-graduate and honours degrees,D,"Electricity, Gas, Water and Waste Services",99,Total - gender,2175,,,
DATAFLOW,STATSNZ:CEN23_EDU_003(1.0),"Highest qualification, industry, and gender for the employed census usually resident population count aged 15 years and over, (RC, TALB, SA2, Health), 2013, 2018, and 2023 Censuses",I,2023,2023,9999,Total - New Zealand by regional council,7777,Total stated - highest qualification,C,Manufacturing,99,Total - gender,227781,,,
DATAFLOW,STATSNZ:CEN23_EDU_003(1.0),"Highest qualification, industry, and gender for the employed census usually resident population count aged 15 years and over, (RC, TALB, SA2, Health), 2013, 2018, and 2023 Censuses",I,2023,2023,9999,Total - New Zealand by regional council,003,Level 3 certificate,S,Other Services,99,Total - gender,14058,,,
DATAFLOW,STATSNZ:CEN23_EDU_003(1.0),"Highest qualification, industry, and gender for the employed census usually resident population count aged 15 years and over, (RC, TALB, SA2, Health), 2013, 2018, and 2023 Censuses",I,2023,2023,9999,Total - New Zealand by regional council,009,Masters degree,C,Manufacturing,99,Total - gender,6627,,,
DATAFLOW,STATSNZ:CEN23_EDU_003(1.0),"Highest qualification, industry, and gender for the employed census usually resident population count aged 15 years and over, (RC, TALB, SA2, Health), 2013, 2018, and 2023 Censuses",I,2023,2023,9999,Total - New Zealand by regional council,005,Level 5 diploma,I,"Transport, Postal and Warehousing",99,Total - gender,6348,,,
DATAFLOW,STATSNZ:CEN23_EDU_003(1.0),"Highest qualification, industry, and gender for the employed census usually resident population count aged 15 years and over, (RC, TALB, SA2, Health), 2013, 2018, and 2023 Censuses",I,2023,2023,9999,Total - New Zealand by regional council,011,Overseas secondary school qualification,L,"Rental, Hiring and Real Estate Services",99,Total - gender,3132,,,
DATAFLOW,STATSNZ:CEN23_EDU_003(1.0),"Highest qualification, industry, and gender for the employed census usually resident population count aged 15 years and over, (RC, TALB, SA2, Health), 2013, 2018, and 2023 Censuses",I,2023,2023,9999,Total - New Zealand by regional council,003,Level 3 certificate,G,Retail Trade,99,Total - gender,46647,,,
DATAFLOW,STATSNZ:CEN23_EDU_003(1.0),"Highest qualification, industry, and gender for the employed census usually resident population count aged 15 years and over, (RC, TALB, SA2, Health), 2013, 2018, and 2023 Censuses",I,2023,2023,9999,Total - New Zealand by regional council,002,Level 2 certificate,H,Accommodation and Food Services,99,Total - gender,19860,,,
DATAFLOW,STATSNZ:CEN23_EDU_003(1.0),"Highest qualification, industry, and gender for the employed census usually resident population count aged 15 years and over, (RC, TALB, SA2, Health), 2013, 2018, and 2023 Censuses",I,2023,2023,9999,Total - New Zealand by regional council,9999,Total - highest qualification,K,Financial and Insurance Services,99,Total - gender,77883,,,
DATAFLOW,STATSNZ:CEN23_EDU_003(1.0),"Highest qualification, industry, and gender for the employed census usually resident population count aged 15 years and over, (RC, TALB, SA2, Health), 2013, 2018, and 2023 Censuses",I,2023,2023,9999,Total - New Zealand by regional council,001,Level 1 certificate,L,"Rental, Hiring and Real Estate Services",99,Total - gender,6099,,,
DATAFLOW,STATSNZ:CEN23_EDU_003(1.0),"Highest qualification, industry, and gender for the employed census usually resident population count aged 15 years and over, (RC, TALB, SA2, Health), 2013, 2018, and 2023 Censuses",I,2023,2023,9999,Total - New Zealand by regional council,7777,Total stated - highest qualification,O,Public Administration and Safety,99,Total - gender,180087,,,
DATAFLOW,STATSNZ:CEN23_EDU_003(1.0),"Highest qualification, industry, and gender for the employed census usually resident population count aged 15 years and over, (RC, TALB, SA2, Health), 2013, 2018, and 2023 Censuses",I,2023,2023,9999,Total - New Zealand by regional council,002,Level 2 certificate,Q,Health Care and Social Assistance,99,Total - gender,14625,,,
DATAFLOW,STATSNZ:CEN23_EDU_003(1.0),"Highest qualification, industry, and gender for the employed census usually resident population count aged 15 years and over, (RC, TALB, SA2, Health), 2013, 2018, and 2023 Censuses",I,2023,2023,9999,Total - New Zealand by regional council,007,Bachelor degree and level 7 qualification,7,Total stated - industry,99,Total - gender,476331,,,
DATAFLOW,STATSNZ:CEN23_EDU_003(1.0),"Highest qualification, industry, and gender for the employed census usually resident population count aged 15 years and over, (RC, TALB, SA2, Health), 2013, 2018, and 2023 Censuses",I,2023,2023,9999,Total - New Zealand by regional council,001,Level 1 certificate,T,Not Elsewhere Included,99,Total - gender,0,,,
DATAFLOW,STATSNZ:CEN23_EDU_003(1.0),"Highest qualification, industry, and gender for the employed census usually resident population count aged 15 years and over, (RC, TALB, SA2, Health), 2013, 2018, and 2023 Censuses",I,2023,2023,9999,Total - New Zealand by regional council,9999,Total - highest qualification,S,Other Services,99,Total - gender,105951,,,
DATAFLOW,STATSNZ:CEN23_EDU_003(1.0),"Highest qualification, industry, and gender for the employed census usually resident population count aged 15 years and over, (RC, TALB, SA2, Health), 2013, 2018, and 2023 Censuses",I,2023,2023,9999,Total - New Zealand by regional council,004,Level 4 certificate,O,Public Administration and Safety,99,Total - gender,13038,,,
DATAFLOW,STATSNZ:CEN23_EDU_003(1.0),"Highest qualification, industry, and gender for the employed census usually resident population count aged 15 years and over, (RC, TALB, SA2, Health), 2013, 2018, and 2023 Censuses",I,2023,2023,9999,Total - New Zealand by regional council,005,Level 5 diploma,O,Public Administration and Safety,99,Total - gender,11007,,,
DATAFLOW,STATSNZ:CEN23_EDU_003(1.0),"Highest qualification, industry, and gender for the employed census usually resident population count aged 15 years and over, (RC, TALB, SA2, Health), 2013, 2018, and 2023 Censuses",I,2023,2023,9999,Total - New Zealand by regional council,005,Level 5 diploma,L,"Rental, Hiring and Real Estate Services",99,Total - gender,4029,,,
DATAFLOW,STATSNZ:CEN23_EDU_003(1.0),"Highest qualification, industry, and gender for the employed census usually resident population count aged 15 years and over, (RC, TALB, SA2, Health), 2013, 2018, and 2023 Censuses",I,2023,2023,9999,Total - New Zealand by regional council,011,Overseas secondary school qualification,J,Information Media and Telecommunications,99,Total - gender,1923,,,
DATAFLOW,STATSNZ:CEN23_EDU_003(1.0),"Highest qualification, industry, and gender for the employed census usually resident population count aged 15 years and over, (RC, TALB, SA2, Health), 2013, 2018, and 2023 Censuses",I,2023,2023,9999,Total - New Zealand by regional council,002,Level 2 certificate,R,Arts and Recreation Services,99,Total - gender,4500,,,
DATAFLOW,STATSNZ:CEN23_EDU_003(1.0),"Highest qualification, industry, and gender for the employed census usually resident population count aged 15 years and over, (RC, TALB, SA2, Health), 2013, 2018, and 2023 Censuses",I,2023,2023,9999,Total - New Zealand by regional council,008,Post-graduate and honours degrees,E,Construction,99,Total - gender,6915,,,
DATAFLOW,STATSNZ:CEN23_EDU_003(1.0),"Highest qualification, industry, and gender for the employed census usually resident population count aged 15 years and over, (RC, TALB, SA2, Health), 2013, 2018, and 2023 Censuses",I,2023,2023,9999,Total - New Zealand by regional council,999,Not elsewhere included,O,Public Administration and Safety,99,Total - gender,3147,,,
DATAFLOW,STATSNZ:CEN23_EDU_003(1.0),"Highest qualification, industry, and gender for the employed census usually resident population count aged 15 years and over, (RC, TALB, SA2, Health), 2013, 2018, and 2023 Censuses",I,2023,2023,9999,Total - New Zealand by regional council,010,Doctorate degree,P,Education and Training,99,Total - gender,9303,,,
DATAFLOW,STATSNZ:CEN23_EDU_003(1.0),"Highest qualification, industry, and gender for the employed census usually resident population count aged 15 years and over, (RC, TALB, SA2, Health), 2013, 2018, and 2023 Censuses",I,2023,2023,9999,Total - New Zealand by regional council,9999,Total - highest qualification,G,Retail Trade,99,Total - gender,229554,,,
DATAFLOW,STATSNZ:CEN23_EDU_003(1.0),"Highest qualification, industry, and gender for the employed census usually resident population count aged 15 years and over, (RC, TALB, SA2, Health), 2013, 2018, and 2023 Censuses",I,2023,2023,9999,Total - New Zealand by regional council,008,Post-graduate and honours degrees,M,"Professional, Scientific and Technical Services",99,Total - gender,36690,,,
DATAFLOW,STATSNZ:CEN23_EDU_003(1.0),"Highest qualification, industry, and gender for the employed census usually resident population count aged 15 years and over, (RC, TALB, SA2, Health), 2013, 2018, and 2023 Censuses",I,2023,2023,9999,Total - New Zealand by regional council,005,Level 5 diploma,H,Accommodation and Food Services,99,Total - gender,9165,,,
DATAFLOW,STATSNZ:CEN23_EDU_003(1.0),"Highest qualification, industry, and gender for the employed census usually resident population count aged 15 years and over, (RC, TALB, SA2, Health), 2013, 2018, and 2023 Censuses",I,2023,2023,9999,Total - New Zealand by regional council,003,Level 3 certificate,H,Accommodation and Food Services,99,Total - gender,30291,,,
DATAFLOW,STATSNZ:CEN23_EDU_003(1.0),"Highest qualification, industry, and gender for the employed census usually resident population count aged 15 years and over, (RC, TALB, SA2, Health), 2013, 2018, and 2023 Censuses",I,2023,2023,9999,Total - New Zealand by regional council,008,Post-graduate and honours degrees,O,Public Administration and Safety,99,Total - gender,22512,,,
DATAFLOW,STATSNZ:CEN23_EDU_003(1.0),"Highest qualification, industry, and gender for the employed census usually resident population count aged 15 years and over, (RC, TALB, SA2, Health), 2013, 2018, and 2023 Censuses",I,2023,2023,9999,Total - New Zealand by regional council,002,Level 2 certificate,P,Education and Training,99,Total - gender,10422,,,
DATAFLOW,STATSNZ:CEN23_EDU_003(1.0),"Highest qualification, industry, and gender for the employed census usually resident population count aged 15 years and over, (RC, TALB, SA2, Health), 2013, 2018, and 2023 Censuses",I,2023,2023,9999,Total - New Zealand by regional council,000,No qualification,S,Other Services,99,Total - gender,9477,,,
DATAFLOW,STATSNZ:CEN23_EDU_003(1.0),"Highest qualification, industry, and gender for the employed census usually resident population count aged 15 years and over, (RC, TALB, SA2, Health), 2013, 2018, and 2023 Censuses",I,2023,2023,9999,Total - New Zealand by regional council,006,Level 6 diploma,H,Accommodation and Food Services,99,Total - gender,5079,,,
DATAFLOW,STATSNZ:CEN23_EDU_003(1.0),"Highest qualification, industry, and gender for the employed census usually resident population count aged 15 years and over, (RC, TALB, SA2, Health), 2013, 2018, and 2023 Censuses",I,2023,2023,9999,Total - New Zealand by regional council,011,Overseas secondary school qualification,F,Wholesale Trade,99,Total - gender,7914,,,
DATAFLOW,STATSNZ:CEN23_EDU_003(1.0),"Highest qualification, industry, and gender for the employed census usually resident population count aged 15 years and over, (RC, TALB, SA2, Health), 2013, 2018, and 2023 Censuses",I,2023,2023,9999,Total - New Zealand by regional council,007,Bachelor degree and level 7 qualification,D,"Electricity, Gas, Water and Waste Services",99,Total - gender,4122,,,
DATAFLOW,STATSNZ:CEN23_EDU_003(1.0),"Highest qualification, industry, and gender for the employed census usually resident population count aged 15 years and over, (RC, TALB, SA2, Health), 2013, 2018, and 2023 Censuses",I,2023,2023,9999,Total - New Zealand by regional council,004,Level 4 certificate,E,Construction,99,Total - gender,56526,,,
DATAFLOW,STATSNZ:CEN23_EDU_003(1.0),"Highest qualification, industry, and gender for the employed census usually resident population count aged 15 years and over, (RC, TALB, SA2, Health), 2013, 2018, and 2023 Censuses",I,2023,2023,9999,Total - New Zealand by regional council,004,Level 4 certificate,H,Accommodation and Food Services,99,Total - gender,9717,,,
DATAFLOW,STATSNZ:CEN23_EDU_003(1.0),"Highest qualification, industry, and gender for the employed census usually resident population count aged 15 years and over, (RC, TALB, SA2, Health), 2013, 2018, and 2023 Censuses",I,2023,2023,9999,Total - New Zealand by regional council,002,Level 2 certificate,M,"Professional, Scientific and Technical Services",99,Total - gender,15573,,,
DATAFLOW,STATSNZ:CEN23_EDU_003(1.0),"Highest qualification, industry, and gender for the employed census usually resident population count aged 15 years and over, (RC, TALB, SA2, Health), 2013, 2018, and 2023 Censuses",I,2023,2023,9999,Total - New Zealand by regional council,005,Level 5 diploma,7,Total stated - industry,99,Total - gender,147291,,,
DATAFLOW,STATSNZ:CEN23_EDU_003(1.0),"Highest qualification, industry, and gender for the employed census usually resident population count aged 15 years and over, (RC, TALB, SA2, Health), 2013, 2018, and 2023 Censuses",I,2023,2023,9999,Total - New Zealand by regional council,008,Post-graduate and honours degrees,S,Other Services,99,Total - gender,5061,,,
DATAFLOW,STATSNZ:CEN23_EDU_003(1.0),"Highest qualification, industry, and gender for the employed census usually resident population count aged 15 years and over, (RC, TALB, SA2, Health), 2013, 2018, and 2023 Censuses",I,2023,2023,9999,Total - New Zealand by regional council,999,Not elsewhere included,L,"Rental, Hiring and Real Estate Services",99,Total - gender,1647,,,
DATAFLOW,STATSNZ:CEN23_EDU_003(1.0),"Highest qualification, industry, and gender for the employed census usually resident population count aged 15 years and over, (RC, TALB, SA2, Health), 2013, 2018, and 2023 Censuses",I,2023,2023,9999,Total - New Zealand by regional council,004,Level 4 certificate,F,Wholesale Trade,99,Total - gender,11868,,,
DATAFLOW,STATSNZ:CEN23_EDU_003(1.0),"Highest qualification, industry, and gender for the employed census usually resident population count aged 15 years and over, (RC, TALB, SA2, Health), 2013, 2018, and 2023 Censuses",I,2023,2023,9999,Total - New Zealand by regional council,005,Level 5 diploma,Q,Health Care and Social Assistance,99,Total - gender,13374,,,
DATAFLOW,STATSNZ:CEN23_EDU_003(1.0),"Highest qualification, industry, and gender for the employed census usually resident population count aged 15 years and over, (RC, TALB, SA2, Health), 2013, 2018, and 2023 Censuses",I,2023,2023,9999,Total - New Zealand by regional council,011,Overseas secondary school qualification,D,"Electricity, Gas, Water and Waste Services",99,Total - gender,909,,,
DATAFLOW,STATSNZ:CEN23_EDU_003(1.0),"Highest qualification, industry, and gender for the employed census usually resident population count aged 15 years and over, (RC, TALB, SA2, Health), 2013, 2018, and 2023 Censuses",I,2023,2023,9999,Total - New Zealand by regional council,7777,Total stated - highest qualification,R,Arts and Recreation Services,99,Total - gender,43116,,,
DATAFLOW,STATSNZ:CEN23_EDU_003(1.0),"Highest qualification, industry, and gender for the employed census usually resident population count aged 15 years and over, (RC, TALB, SA2, Health), 2013, 2018, and 2023 Censuses",I,2023,2023,9999,Total - New Zealand by regional council,006,Level 6 diploma,N,Administrative and Support Services,99,Total - gender,4194,,,
DATAFLOW,STATSNZ:CEN23_EDU_003(1.0),"Highest qualification, industry, and gender for the employed census usually resident population count aged 15 years and over, (RC, TALB, SA2, Health), 2013, 2018, and 2023 Censuses",I,2023,2023,9999,Total - New Zealand by regional council,000,No qualification,E,Construction,99,Total - gender,30321,,,
DATAFLOW,STATSNZ:CEN23_EDU_003(1.0),"Highest qualification, industry, and gender for the employed census usually resident population count aged 15 years and over, (RC, TALB, SA2, Health), 2013, 2018, and 2023 Censuses",I,2023,2023,9999,Total - New Zealand by regional council,009,Masters degree,9,Total - industry,99,Total - gender,135486,,,
DATAFLOW,STATSNZ:CEN23_EDU_003(1.0),"Highest qualification, industry, and gender for the employed census usually resident population count aged 15 years and over, (RC, TALB, SA2, Health), 2013, 2018, and 2023 Censuses",I,2023,2023,9999,Total - New Zealand by regional council,001,Level 1 certificate,R,Arts and Recreation Services,99,Total - gender,3408,,,
DATAFLOW,STATSNZ:CEN23_EDU_003(1.0),"Highest qualification, industry, and gender for the employed census usually resident population count aged 15 years and over, (RC, TALB, SA2, Health), 2013, 2018, and 2023 Censuses",I,2023,2023,9999,Total - New Zealand by regional council,999,Not elsewhere included,S,Other Services,99,Total - gender,2934,,,
DATAFLOW,STATSNZ:CEN23_EDU_003(1.0),"Highest qualification, industry, and gender for the employed census usually resident population count aged 15 years and over, (RC, TALB, SA2, Health), 2013, 2018, and 2023 Censuses",I,2023,2023,9999,Total - New Zealand by regional council,007,Bachelor degree and level 7 qualification,I,"Transport, Postal and Warehousing",99,Total - gender,11727,,,
DATAFLOW,STATSNZ:CEN23_EDU_003(1.0),"Highest qualification, industry, and gender for the employed census usually resident population count aged 15 years and over, (RC, TALB, SA2, Health), 2013, 2018, and 2023 Censuses",I,2023,2023,9999,Total - New Zealand by regional council,009,Masters degree,K,Financial and Insurance Services,99,Total - gender,6030,,,
DATAFLOW,STATSNZ:CEN23_EDU_003(1.0),"Highest qualification, industry, and gender for the employed census usually resident population count aged 15 years and over, (RC, TALB, SA2, Health), 2013, 2018, and 2023 Censuses",I,2023,2023,9999,Total - New Zealand by regional council,7777,Total stated - highest qualification,B,Mining,99,Total - gender,5643,,,
DATAFLOW,STATSNZ:CEN23_EDU_003(1.0),"Highest qualification, industry, and gender for the employed census usually resident population count aged 15 years and over, (RC, TALB, SA2, Health), 2013, 2018, and 2023 Censuses",I,2023,2023,9999,Total - New Zealand by regional council,9999,Total - highest qualification,L,"Rental, Hiring and Real Estate Services",99,Total - gender,64878,,,
DATAFLOW,STATSNZ:CEN23_EDU_003(1.0),"Highest qualification, industry, and gender for the employed census usually resident population count aged 15 years and over, (RC, TALB, SA2, Health), 2013, 2018, and 2023 Censuses",I,2023,2023,9999,Total - New Zealand by regional council,000,No qualification,9,Total - industry,99,Total - gender,238278,,,
DATAFLOW,STATSNZ:CEN23_EDU_003(1.0),"Highest qualification, industry, and gender for the employed census usually resident population count aged 15 years and over, (RC, TALB, SA2, Health), 2013, 2018, and 2023 Censuses",I,2023,2023,9999,Total - New Zealand by regional council,002,Level 2 certificate,C,Manufacturing,99,Total - gender,26262,,,
DATAFLOW,STATSNZ:CEN23_EDU_003(1.0),"Highest qualification, industry, and gender for the employed census usually resident population count aged 15 years and over, (RC, TALB, SA2, Health), 2013, 2018, and 2023 Censuses",I,2023,2023,9999,Total - New Zealand by regional council,001,Level 1 certificate,K,Financial and Insurance Services,99,Total - gender,4758,,,
DATAFLOW,STATSNZ:CEN23_EDU_003(1.0),"Highest qualification, industry, and gender for the employed census usually resident population count aged 15 years and over, (RC, TALB, SA2, Health), 2013, 2018, and 2023 Censuses",I,2023,2023,9999,Total - New Zealand by regional council,005,Level 5 diploma,C,Manufacturing,99,Total - gender,13830,,,
DATAFLOW,STATSNZ:CEN23_EDU_003(1.0),"Highest qualification, industry, and gender for the employed census usually resident population count aged 15 years and over, (RC, TALB, SA2, Health), 2013, 2018, and 2023 Censuses",I,2023,2023,9999,Total - New Zealand by regional council,000,No qualification,O,Public Administration and Safety,99,Total - gender,6735,,,
DATAFLOW,STATSNZ:CEN23_EDU_003(1.0),"Highest qualification, industry, and gender for the employed census usually resident population count aged 15 years and over, (RC, TALB, SA2, Health), 2013, 2018, and 2023 Censuses",I,2023,2023,9999,Total - New Zealand by regional council,999,Not elsewhere included,C,Manufacturing,99,Total - gender,9471,,,
DATAFLOW,STATSNZ:CEN23_EDU_003(1.0),"Highest qualification, industry, and gender for the employed census usually resident population count aged 15 years and over, (RC, TALB, SA2, Health), 2013, 2018, and 2023 Censuses",I,2023,2023,9999,Total - New Zealand by regional council,006,Level 6 diploma,M,"Professional, Scientific and Technical Services",99,Total - gender,15246,,,
DATAFLOW,STATSNZ:CEN23_EDU_003(1.0),"Highest qualification, industry, and gender for the employed census usually resident population count aged 15 years and over, (RC, TALB, SA2, Health), 2013, 2018, and 2023 Censuses",I,2023,2023,9999,Total - New Zealand by regional council,004,Level 4 certificate,I,"Transport, Postal and Warehousing",99,Total - gender,9504,,,
DATAFLOW,STATSNZ:CEN23_EDU_003(1.0),"Highest qualification, industry, and gender for the employed census usually resident population count aged 15 years and over, (RC, TALB, SA2, Health), 2013, 2018, and 2023 Censuses",I,2023,2023,9999,Total - New Zealand by regional council,010,Doctorate degree,7,Total stated - industry,99,Total - gender,30123,,,
DATAFLOW,STATSNZ:CEN23_EDU_003(1.0),"Highest qualification, industry, and gender for the employed census usually resident population count aged 15 years and over, (RC, TALB, SA2, Health), 2013, 2018, and 2023 Censuses",I,2023,2023,9999,Total - New Zealand by regional council,003,Level 3 certificate,M,"Professional, Scientific and Technical Services",99,Total - gender,22611,,,
DATAFLOW,STATSNZ:CEN23_EDU_003(1.0),"Highest qualification, industry, and gender for the employed census usually resident population count aged 15 years and over, (RC, TALB, SA2, Health), 2013, 2018, and 2023 Censuses",I,2023,2023,9999,Total - New Zealand by regional council,000,No qualification,M,"Professional, Scientific and Technical Services",99,Total - gender,8088,,,
DATAFLOW,STATSNZ:CEN23_EDU_003(1.0),"Highest qualification, industry, and gender for the employed census usually resident population count aged 15 years and over, (RC, TALB, SA2, Health), 2013, 2018, and 2023 Censuses",I,2023,2023,9999,Total - New Zealand by regional council,9999,Total - highest qualification,7,Total stated - industry,99,Total - gender,2622723,,,
DATAFLOW,STATSNZ:CEN23_EDU_003(1.0),"Highest qualification, industry, and gender for the employed census usually resident population count aged 15 years and over, (RC, TALB, SA2, Health), 2013, 2018, and 2023 Censuses",I,2023,2023,9999,Total - New Zealand by regional council,006,Level 6 diploma,P,Education and Training,99,Total - gender,10029,,,
DATAFLOW,STATSNZ:CEN23_EDU_003(1.0),"Highest qualification, industry, and gender for the employed census usually resident population count aged 15 years and over, (RC, TALB, SA2, Health), 2013, 2018, and 2023 Censuses",I,2023,2023,9999,Total - New Zealand by regional council,9999,Total - highest qualification,A,"Agriculture, Forestry and Fishing",99,Total - gender,134064,,,
DATAFLOW,STATSNZ:CEN23_EDU_003(1.0),"Highest qualification, industry, and gender for the employed census usually resident population count aged 15 years and over, (RC, TALB, SA2, Health), 2013, 2018, and 2023 Censuses",I,2023,2023,9999,Total - New Zealand by regional council,008,Post-graduate and honours degrees,H,Accommodation and Food Services,99,Total - gender,4272,,,
DATAFLOW,STATSNZ:CEN23_EDU_003(1.0),"Highest qualification, industry, and gender for the employed census usually resident population count aged 15 years and over, (RC, TALB, SA2, Health), 2013, 2018, and 2023 Censuses",I,2023,2023,9999,Total - New Zealand by regional council,004,Level 4 certificate,B,Mining,99,Total - gender,894,,,
DATAFLOW,STATSNZ:CEN23_EDU_003(1.0),"Highest qualification, industry, and gender for the employed census usually resident population count aged 15 years and over, (RC, TALB, SA2, Health), 2013, 2018, and 2023 Censuses",I,2023,2023,9999,Total - New Zealand by regional council,9999,Total - highest qualification,C,Manufacturing,99,Total - gender,237249,,,
DATAFLOW,STATSNZ:CEN23_EDU_003(1.0),"Highest qualification, industry, and gender for the employed census usually resident population count aged 15 years and over, (RC, TALB, SA2, Health), 2013, 2018, and 2023 Censuses",I,2023,2023,9999,Total - New Zealand by regional council,010,Doctorate degree,K,Financial and Insurance Services,99,Total - gender,363,,,
DATAFLOW,STATSNZ:CEN23_EDU_003(1.0),"Highest qualification, industry, and gender for the employed census usually resident population count aged 15 years and over, (RC, TALB, SA2, Health), 2013, 2018, and 2023 Censuses",I,2023,2023,9999,Total - New Zealand by regional council,010,Doctorate degree,D,"Electricity, Gas, Water and Waste Services",99,Total - gender,198,,,
DATAFLOW,STATSNZ:CEN23_EDU_003(1.0),"Highest qualification, industry, and gender for the employed census usually resident population count aged 15 years and over, (RC, TALB, SA2, Health), 2013, 2018, and 2023 Censuses",I,2023,2023,9999,Total - New Zealand by regional council,001,Level 1 certificate,E,Construction,99,Total - gender,25116,,,
DATAFLOW,STATSNZ:CEN23_EDU_003(1.0),"Highest qualification, industry, and gender for the employed census usually resident population count aged 15 years and over, (RC, TALB, SA2, Health), 2013, 2018, and 2023 Censuses",I,2023,2023,9999,Total - New Zealand by regional council,999,Not elsewhere included,N,Administrative and Support Services,99,Total - gender,5940,,,
DATAFLOW,STATSNZ:CEN23_EDU_003(1.0),"Highest qualification, industry, and gender for the employed census usually resident population count aged 15 years and over, (RC, TALB, SA2, Health), 2013, 2018, and 2023 Censuses",I,2023,2023,9999,Total - New Zealand by regional council,010,Doctorate degree,R,Arts and Recreation Services,99,Total - gender,507,,,
DATAFLOW,STATSNZ:CEN23_EDU_003(1.0),"Highest qualification, industry, and gender for the employed census usually resident population count aged 15 years and over, (RC, TALB, SA2, Health), 2013, 2018, and 2023 Censuses",I,2023,2023,9999,Total - New Zealand by regional council,002,Level 2 certificate,K,Financial and Insurance Services,99,Total - gender,7200,,,
DATAFLOW,STATSNZ:CEN23_EDU_003(1.0),"Highest qualification, industry, and gender for the employed census usually resident population count aged 15 years and over, (RC, TALB, SA2, Health), 2013, 2018, and 2023 Censuses",I,2023,2023,9999,Total - New Zealand by regional council,007,Bachelor degree and level 7 qualification,N,Administrative and Support Services,99,Total - gender,14703,,,
DATAFLOW,STATSNZ:CEN23_EDU_003(1.0),"Highest qualification, industry, and gender for the employed census usually resident population count aged 15 years and over, (RC, TALB, SA2, Health), 2013, 2018, and 2023 Censuses",I,2023,2023,9999,Total - New Zealand by regional council,006,Level 6 diploma,J,Information Media and Telecommunications,99,Total - gender,2208,,,
DATAFLOW,STATSNZ:CEN23_EDU_003(1.0),"Highest qualification, industry, and gender for the employed census usually resident population count aged 15 years and over, (RC, TALB, SA2, Health), 2013, 2018, and 2023 Censuses",I,2023,2023,9999,Total - New Zealand by regional council,999,Not elsewhere included,P,Education and Training,99,Total - gender,3708,,,
DATAFLOW,STATSNZ:CEN23_EDU_003(1.0),"Highest qualification, industry, and gender for the employed census usually resident population count aged 15 years and over, (RC, TALB, SA2, Health), 2013, 2018, and 2023 Censuses",I,2023,2023,9999,Total - New Zealand by regional council,7777,Total stated - highest qualification,N,Administrative and Support Services,99,Total - gender,97491,,,
DATAFLOW,STATSNZ:CEN23_EDU_003(1.0),"Highest qualification, industry, and gender for the employed census usually resident population count aged 15 years and over, (RC, TALB, SA2, Health), 2013, 2018, and 2023 Censuses",I,2023,2023,9999,Total - New Zealand by regional council,011,Overseas secondary school qualification,Q,Health Care and Social Assistance,99,Total - gender,9963,,,
DATAFLOW,STATSNZ:CEN23_EDU_003(1.0),"Highest qualification, industry, and gender for the employed census usually resident population count aged 15 years and over, (RC, TALB, SA2, Health), 2013, 2018, and 2023 Censuses",I,2023,2023,9999,Total - New Zealand by regional council,003,Level 3 certificate,I,"Transport, Postal and Warehousing",99,Total - gender,15075,,,
DATAFLOW,STATSNZ:CEN23_EDU_003(1.0),"Highest qualification, industry, and gender for the employed census usually resident population count aged 15 years and over, (RC, TALB, SA2, Health), 2013, 2018, and 2023 Censuses",I,2023,2023,9999,Total - New Zealand by regional council,003,Level 3 certificate,C,Manufacturing,99,Total - gender,31440,,,
DATAFLOW,STATSNZ:CEN23_EDU_003(1.0),"Highest qualification, industry, and gender for the employed census usually resident population count aged 15 years and over, (RC, TALB, SA2, Health), 2013, 2018, and 2023 Censuses",I,2023,2023,9999,Total - New Zealand by regional council,001,Level 1 certificate,F,Wholesale Trade,99,Total - gender,14205,,,
DATAFLOW,STATSNZ:CEN23_EDU_003(1.0),"Highest qualification, industry, and gender for the employed census usually resident population count aged 15 years and over, (RC, TALB, SA2, Health), 2013, 2018, and 2023 Censuses",I,2023,2023,9999,Total - New Zealand by regional council,010,Doctorate degree,H,Accommodation and Food Services,99,Total - gender,303,,,
DATAFLOW,STATSNZ:CEN23_EDU_003(1.0),"Highest qualification, industry, and gender for the employed census usually resident population count aged 15 years and over, (RC, TALB, SA2, Health), 2013, 2018, and 2023 Censuses",I,2023,2023,9999,Total - New Zealand by regional council,004,Level 4 certificate,J,Information Media and Telecommunications,99,Total - gender,1866,,,
DATAFLOW,STATSNZ:CEN23_EDU_003(1.0),"Highest qualification, industry, and gender for the employed census usually resident population count aged 15 years and over, (RC, TALB, SA2, Health), 2013, 2018, and 2023 Censuses",I,2023,2023,9999,Total - New Zealand by regional council,006,Level 6 diploma,9,Total - industry,99,Total - gender,119067,,,
DATAFLOW,STATSNZ:CEN23_EDU_003(1.0),"Highest qualification, industry, and gender for the employed census usually resident population count aged 15 years and over, (RC, TALB, SA2, Health), 2013, 2018, and 2023 Censuses",I,2023,2023,9999,Total - New Zealand by regional council,005,Level 5 diploma,S,Other Services,99,Total - gender,8463,,,
DATAFLOW,STATSNZ:CEN23_EDU_003(1.0),"Highest qualification, industry, and gender for the employed census usually resident population count aged 15 years and over, (RC, TALB, SA2, Health), 2013, 2018, and 2023 Censuses",I,2023,2023,9999,Total - New Zealand by regional council,011,Overseas secondary school qualification,M,"Professional, Scientific and Technical Services",99,Total - gender,9606,,,
DATAFLOW,STATSNZ:CEN23_EDU_003(1.0),"Highest qualification, industry, and gender for the employed census usually resident population count aged 15 years and over, (RC, TALB, SA2, Health), 2013, 2018, and 2023 Censuses",I,2023,2023,9999,Total - New Zealand by regional council,003,Level 3 certificate,A,"Agriculture, Forestry and Fishing",99,Total - gender,17370,,,
DATAFLOW,STATSNZ:CEN23_EDU_003(1.0),"Highest qualification, industry, and gender for the employed census usually resident population count aged 15 years and over, (RC, TALB, SA2, Health), 2013, 2018, and 2023 Censuses",I,2023,2023,9999,Total - New Zealand by regional council,007,Bachelor degree and level 7 qualification,O,Public Administration and Safety,99,Total - gender,45720,,,
DATAFLOW,STATSNZ:CEN23_EDU_003(1.0),"Highest qualification, industry, and gender for the employed census usually resident population count aged 15 years and over, (RC, TALB, SA2, Health), 2013, 2018, and 2023 Censuses",I,2023,2023,9999,Total - New Zealand by regional council,005,Level 5 diploma,M,"Professional, Scientific and Technical Services",99,Total - gender,11004,,,
DATAFLOW,STATSNZ:CEN23_EDU_003(1.0),"Highest qualification, industry, and gender for the employed census usually resident population count aged 15 years and over, (RC, TALB, SA2, Health), 2013, 2018, and 2023 Censuses",I,2023,2023,9999,Total - New Zealand by regional council,999,Not elsewhere included,Q,Health Care and Social Assistance,99,Total - gender,5397,,,
DATAFLOW,STATSNZ:CEN23_EDU_003(1.0),"Highest qualification, industry, and gender for the employed census usually resident population count aged 15 years and over, (RC, TALB, SA2, Health), 2013, 2018, and 2023 Censuses",I,2023,2023,9999,Total - New Zealand by regional council,002,Level 2 certificate,I,"Transport, Postal and Warehousing",99,Total - gender,12498,,,
DATAFLOW,STATSNZ:CEN23_EDU_003(1.0),"Highest qualification, industry, and gender for the employed census usually resident population count aged 15 years and over, (RC, TALB, SA2, Health), 2013, 2018, and 2023 Censuses",I,2023,2023,9999,Total - New Zealand by regional council,009,Masters degree,P,Education and Training,99,Total - gender,21048,,,
DATAFLOW,STATSNZ:CEN23_EDU_003(1.0),"Highest qualification, industry, and gender for the employed census usually resident population count aged 15 years and over, (RC, TALB, SA2, Health), 2013, 2018, and 2023 Censuses",I,2023,2023,9999,Total - New Zealand by regional council,999,Not elsewhere included,F,Wholesale Trade,99,Total - gender,3777,,,
DATAFLOW,STATSNZ:CEN23_EDU_003(1.0),"Highest qualification, industry, and gender for the employed census usually resident population count aged 15 years and over, (RC, TALB, SA2, Health), 2013, 2018, and 2023 Censuses",I,2023,2023,9999,Total - New Zealand by regional council,005,Level 5 diploma,A,"Agriculture, Forestry and Fishing",99,Total - gender,7941,,,
DATAFLOW,STATSNZ:CEN23_EDU_003(1.0),"Highest qualification, industry, and gender for the employed census usually resident population count aged 15 years and over, (RC, TALB, SA2, Health), 2013, 2018, and 2023 Censuses",I,2023,2023,9999,Total - New Zealand by regional council,7777,Total stated - highest qualification,J,Information Media and Telecommunications,99,Total - gender,38124,,,
DATAFLOW,STATSNZ:CEN23_EDU_003(1.0),"Highest qualification, industry, and gender for the employed census usually resident population count aged 15 years and over, (RC, TALB, SA2, Health), 2013, 2018, and 2023 Censuses",I,2023,2023,9999,Total - New Zealand by regional council,999,Not elsewhere included,H,Accommodation and Food Services,99,Total - gender,8430,,,
DATAFLOW,STATSNZ:CEN23_EDU_003(1.0),"Highest qualification, industry, and gender for the employed census usually resident population count aged 15 years and over, (RC, TALB, SA2, Health), 2013, 2018, and 2023 Censuses",I,2023,2023,9999,Total - New Zealand by regional council,011,Overseas secondary school qualification,I,"Transport, Postal and Warehousing",99,Total - gender,6645,,,
DATAFLOW,STATSNZ:CEN23_EDU_003(1.0),"Highest qualification, industry, and gender for the employed census usually resident population count aged 15 years and over, (RC, TALB, SA2, Health), 2013, 2018, and 2023 Censuses",I,2023,2023,9999,Total - New Zealand by regional council,008,Post-graduate and honours degrees,C,Manufacturing,99,Total - gender,10074,,,
DATAFLOW,STATSNZ:CEN23_EDU_003(1.0),"Highest qualification, industry, and gender for the employed census usually resident population count aged 15 years and over, (RC, TALB, SA2, Health), 2013, 2018, and 2023 Censuses",I,2023,2023,9999,Total - New Zealand by regional council,008,Post-graduate and honours degrees,Q,Health Care and Social Assistance,99,Total - gender,31539,,,
DATAFLOW,STATSNZ:CEN23_EDU_003(1.0),"Highest qualification, industry, and gender for the employed census usually resident population count aged 15 years and over, (RC, TALB, SA2, Health), 2013, 2018, and 2023 Censuses",I,2023,2023,9999,Total - New Zealand by regional council,007,Bachelor degree and level 7 qualification,T,Not Elsewhere Included,99,Total - gender,0,,,
DATAFLOW,STATSNZ:CEN23_EDU_003(1.0),"Highest qualification, industry, and gender for the employed census usually resident population count aged 15 years and over, (RC, TALB, SA2, Health), 2013, 2018, and 2023 Censuses",I,2023,2023,9999,Total - New Zealand by regional council,001,Level 1 certificate,9,Total - industry,99,Total - gender,217185,,,
DATAFLOW,STATSNZ:CEN23_EDU_003(1.0),"Highest qualification, industry, and gender for the employed census usually resident population count aged 15 years and over, (RC, TALB, SA2, Health), 2013, 2018, and 2023 Censuses",I,2023,2023,9999,Total - New Zealand by regional council,009,Masters degree,A,"Agriculture, Forestry and Fishing",99,Total - gender,2118,,,
DATAFLOW,STATSNZ:CEN23_EDU_003(1.0),"Highest qualification, industry, and gender for the employed census usually resident population count aged 15 years and over, (RC, TALB, SA2, Health), 2013, 2018, and 2023 Censuses",I,2023,2023,9999,Total - New Zealand by regional council,003,Level 3 certificate,L,"Rental, Hiring and Real Estate Services",99,Total - gender,7632,,,
DATAFLOW,STATSNZ:CEN23_EDU_003(1.0),"Highest qualification, industry, and gender for the employed census usually resident population count aged 15 years and over, (RC, TALB, SA2, Health), 2013, 2018, and 2023 Censuses",I,2023,2023,9999,Total - New Zealand by regional council,006,Level 6 diploma,O,Public Administration and Safety,99,Total - gender,9078,,,
DATAFLOW,STATSNZ:CEN23_EDU_003(1.0),"Highest qualification, industry, and gender for the employed census usually resident population count aged 15 years and over, (RC, TALB, SA2, Health), 2013, 2018, and 2023 Censuses",I,2023,2023,9999,Total - New Zealand by regional council,9999,Total - highest qualification,E,Construction,99,Total - gender,266898,,,
DATAFLOW,STATSNZ:CEN23_EDU_003(1.0),"Highest qualification, industry, and gender for the employed census usually resident population count aged 15 years and over, (RC, TALB, SA2, Health), 2013, 2018, and 2023 Censuses",I,2023,2023,9999,Total - New Zealand by regional council,004,Level 4 certificate,T,Not Elsewhere Included,99,Total - gender,0,,,
DATAFLOW,STATSNZ:CEN23_EDU_003(1.0),"Highest qualification, industry, and gender for the employed census usually resident population count aged 15 years and over, (RC, TALB, SA2, Health), 2013, 2018, and 2023 Censuses",I,2023,2023,9999,Total - New Zealand by regional council,001,Level 1 certificate,G,Retail Trade,99,Total - gender,26538,,,
DATAFLOW,STATSNZ:CEN23_EDU_003(1.0),"Highest qualification, industry, and gender for the employed census usually resident population count aged 15 years and over, (RC, TALB, SA2, Health), 2013, 2018, and 2023 Censuses",I,2023,2023,9999,Total - New Zealand by regional council,9999,Total - highest qualification,O,Public Administration and Safety,99,Total - gender,183234,,,
DATAFLOW,STATSNZ:CEN23_EDU_003(1.0),"Highest qualification, industry, and gender for the employed census usually resident population count aged 15 years and over, (RC, TALB, SA2, Health), 2013, 2018, and 2023 Censuses",I,2023,2023,9999,Total - New Zealand by regional council,009,Masters degree,T,Not Elsewhere Included,99,Total - gender,0,,,
DATAFLOW,STATSNZ:CEN23_EDU_003(1.0),"Highest qualification, industry, and gender for the employed census usually resident population count aged 15 years and over, (RC, TALB, SA2, Health), 2013, 2018, and 2023 Censuses",I,2023,2023,9999,Total - New Zealand by regional council,7777,Total stated - highest qualification,P,Education and Training,99,Total - gender,197847,,,
DATAFLOW,STATSNZ:CEN23_EDU_003(1.0),"Highest qualification, industry, and gender for the employed census usually resident population count aged 15 years and over, (RC, TALB, SA2, Health), 2013, 2018, and 2023 Censuses",I,2023,2023,9999,Total - New Zealand by regional council,999,Not elsewhere included,I,"Transport, Postal and Warehousing",99,Total - gender,3894,,,
DATAFLOW,STATSNZ:CEN23_EDU_003(1.0),"Highest qualification, industry, and gender for the employed census usually resident population count aged 15 years and over, (RC, TALB, SA2, Health), 2013, 2018, and 2023 Censuses",I,2023,2023,9999,Total - New Zealand by regional council,002,Level 2 certificate,D,"Electricity, Gas, Water and Waste Services",99,Total - gender,2151,,,
DATAFLOW,STATSNZ:CEN23_EDU_003(1.0),"Highest qualification, industry, and gender for the employed census usually resident population count aged 15 years and over, (RC, TALB, SA2, Health), 2013, 2018, and 2023 Censuses",I,2023,2023,9999,Total - New Zealand by regional council,002,Level 2 certificate,G,Retail Trade,99,Total - gender,32265,,,
DATAFLOW,STATSNZ:CEN23_EDU_003(1.0),"Highest qualification, industry, and gender for the employed census usually resident population count aged 15 years and over, (RC, TALB, SA2, Health), 2013, 2018, and 2023 Censuses",I,2023,2023,9999,Total - New Zealand by regional council,010,Doctorate degree,C,Manufacturing,99,Total - gender,978,,,
DATAFLOW,STATSNZ:CEN23_EDU_003(1.0),"Highest qualification, industry, and gender for the employed census usually resident population count aged 15 years and over, (RC, TALB, SA2, Health), 2013, 2018, and 2023 Censuses",I,2023,2023,9999,Total - New Zealand by regional council,011,Overseas secondary school qualification,P,Education and Training,99,Total - gender,4263,,,
DATAFLOW,STATSNZ:CEN23_EDU_003(1.0),"Highest qualification, industry, and gender for the employed census usually resident population count aged 15 years and over, (RC, TALB, SA2, Health), 2013, 2018, and 2023 Censuses",I,2023,2023,9999,Total - New Zealand by regional council,002,Level 2 certificate,T,Not Elsewhere Included,99,Total - gender,0,,,
DATAFLOW,STATSNZ:CEN23_EDU_003(1.0),"Highest qualification, industry, and gender for the employed census usually resident population count aged 15 years and over, (RC, TALB, SA2, Health), 2013, 2018, and 2023 Censuses",I,2023,2023,9999,Total - New Zealand by regional council,9999,Total - highest qualification,H,Accommodation and Food Services,99,Total - gender,156189,,,
DATAFLOW,STATSNZ:CEN23_EDU_003(1.0),"Highest qualification, industry, and gender for the employed census usually resident population count aged 15 years and over, (RC, TALB, SA2, Health), 2013, 2018, and 2023 Censuses",I,2023,2023,9999,Total - New Zealand by regional council,010,Doctorate degree,O,Public Administration and Safety,99,Total - gender,3279,,,
DATAFLOW,STATSNZ:CEN23_EDU_003(1.0),"Highest qualification, industry, and gender for the employed census usually resident population count aged 15 years and over, (RC, TALB, SA2, Health), 2013, 2018, and 2023 Censuses",I,2023,2023,9999,Total - New Zealand by regional council,009,Masters degree,H,Accommodation and Food Services,99,Total - gender,3003,,,
DATAFLOW,STATSNZ:CEN23_EDU_003(1.0),"Highest qualification, industry, and gender for the employed census usually resident population count aged 15 years and over, (RC, TALB, SA2, Health), 2013, 2018, and 2023 Censuses",I,2023,2023,9999,Total - New Zealand by regional council,001,Level 1 certificate,M,"Professional, Scientific and Technical Services",99,Total - gender,11049,,,
DATAFLOW,STATSNZ:CEN23_EDU_003(1.0),"Highest qualification, industry, and gender for the employed census usually resident population count aged 15 years and over, (RC, TALB, SA2, Health), 2013, 2018, and 2023 Censuses",I,2023,2023,9999,Total - New Zealand by regional council,006,Level 6 diploma,7,Total stated - industry,99,Total - gender,119067,,,
DATAFLOW,STATSNZ:CEN23_EDU_003(1.0),"Highest qualification, industry, and gender for the employed census usually resident population count aged 15 years and over, (RC, TALB, SA2, Health), 2013, 2018, and 2023 Censuses",I,2023,2023,9999,Total - New Zealand by regional council,008,Post-graduate and honours degrees,N,Administrative and Support Services,99,Total - gender,4545,,,
DATAFLOW,STATSNZ:CEN23_EDU_003(1.0),"Highest qualification, industry, and gender for the employed census usually resident population count aged 15 years and over, (RC, TALB, SA2, Health), 2013, 2018, and 2023 Censuses",I,2023,2023,9999,Total - New Zealand by regional council,002,Level 2 certificate,E,Construction,99,Total - gender,30582,,,
DATAFLOW,STATSNZ:CEN23_EDU_003(1.0),"Highest qualification, industry, and gender for the employed census usually resident population count aged 15 years and over, (RC, TALB, SA2, Health), 2013, 2018, and 2023 Censuses",I,2023,2023,9999,Total - New Zealand by regional council,999,Not elsewhere included,A,"Agriculture, Forestry and Fishing",99,Total - gender,5841,,,
DATAFLOW,STATSNZ:CEN23_EDU_003(1.0),"Highest qualification, industry, and gender for the employed census usually resident population count aged 15 years and over, (RC, TALB, SA2, Health), 2013, 2018, and 2023 Censuses",I,2023,2023,9999,Total - New Zealand by regional council,003,Level 3 certificate,T,Not Elsewhere Included,99,Total - gender,0,,,
DATAFLOW,STATSNZ:CEN23_EDU_003(1.0),"Highest qualification, industry, and gender for the employed census usually resident population count aged 15 years and over, (RC, TALB, SA2, Health), 2013, 2018, and 2023 Censuses",I,2023,2023,9999,Total - New Zealand by regional council,010,Doctorate degree,M,"Professional, Scientific and Technical Services",99,Total - gender,5853,,,
DATAFLOW,STATSNZ:CEN23_EDU_003(1.0),"Highest qualification, industry, and gender for the employed census usually resident population count aged 15 years and over, (RC, TALB, SA2, Health), 2013, 2018, and 2023 Censuses",I,2023,2023,9999,Total - New Zealand by regional council,999,Not elsewhere included,J,Information Media and Telecommunications,99,Total - gender,672,,,
DATAFLOW,STATSNZ:CEN23_EDU_003(1.0),"Highest qualification, industry, and gender for the employed census usually resident population count aged 15 years and over, (RC, TALB, SA2, Health), 2013, 2018, and 2023 Censuses",I,2023,2023,9999,Total - New Zealand by regional council,009,Masters degree,N,Administrative and Support Services,99,Total - gender,3072,,,
DATAFLOW,STATSNZ:CEN23_EDU_003(1.0),"Highest qualification, industry, and gender for the employed census usually resident population count aged 15 years and over, (RC, TALB, SA2, Health), 2013, 2018, and 2023 Censuses",I,2023,2023,9999,Total - New Zealand by regional council,000,No qualification,G,Retail Trade,99,Total - gender,24699,,,
DATAFLOW,STATSNZ:CEN23_EDU_003(1.0),"Highest qualification, industry, and gender for the employed census usually resident population count aged 15 years and over, (RC, TALB, SA2, Health), 2013, 2018, and 2023 Censuses",I,2023,2023,9999,Total - New Zealand by regional council,003,Level 3 certificate,F,Wholesale Trade,99,Total - gender,19173,,,
DATAFLOW,STATSNZ:CEN23_EDU_003(1.0),"Highest qualification, industry, and gender for the employed census usually resident population count aged 15 years and over, (RC, TALB, SA2, Health), 2013, 2018, and 2023 Censuses",I,2023,2023,9999,Total - New Zealand by regional council,004,Level 4 certificate,K,Financial and Insurance Services,99,Total - gender,3687,,,
DATAFLOW,STATSNZ:CEN23_EDU_003(1.0),"Highest qualification, industry, and gender for the employed census usually resident population count aged 15 years and over, (RC, TALB, SA2, Health), 2013, 2018, and 2023 Censuses",I,2023,2023,9999,Total - New Zealand by regional council,007,Bachelor degree and level 7 qualification,H,Accommodation and Food Services,99,Total - gender,16407,,,
DATAFLOW,STATSNZ:CEN23_EDU_003(1.0),"Highest qualification, industry, and gender for the employed census usually resident population count aged 15 years and over, (RC, TALB, SA2, Health), 2013, 2018, and 2023 Censuses",I,2023,2023,9999,Total - New Zealand by regional council,007,Bachelor degree and level 7 qualification,K,Financial and Insurance Services,99,Total - gender,22281,,,
DATAFLOW,STATSNZ:CEN23_EDU_003(1.0),"Highest qualification, industry, and gender for the employed census usually resident population count aged 15 years and over, (RC, TALB, SA2, Health), 2013, 2018, and 2023 Censuses",I,2023,2023,9999,Total - New Zealand by regional council,000,No qualification,R,Arts and Recreation Services,99,Total - gender,2997,,,
DATAFLOW,STATSNZ:CEN23_EDU_003(1.0),"Highest qualification, industry, and gender for the employed census usually resident population count aged 15 years and over, (RC, TALB, SA2, Health), 2013, 2018, and 2023 Censuses",I,2023,2023,9999,Total - New Zealand by regional council,999,Not elsewhere included,E,Construction,99,Total - gender,9738,,,
DATAFLOW,STATSNZ:CEN23_EDU_003(1.0),"Highest qualification, industry, and gender for the employed census usually resident population count aged 15 years and over, (RC, TALB, SA2, Health), 2013, 2018, and 2023 Censuses",I,2023,2023,9999,Total - New Zealand by regional council,010,Doctorate degree,G,Retail Trade,99,Total - gender,363,,,
DATAFLOW,STATSNZ:CEN23_EDU_003(1.0),"Highest qualification, industry, and gender for the employed census usually resident population count aged 15 years and over, (RC, TALB, SA2, Health), 2013, 2018, and 2023 Censuses",I,2023,2023,9999,Total - New Zealand by regional council,009,Masters degree,E,Construction,99,Total - gender,4572,,,
DATAFLOW,STATSNZ:CEN23_EDU_003(1.0),"Highest qualification, industry, and gender for the employed census usually resident population count aged 15 years and over, (RC, TALB, SA2, Health), 2013, 2018, and 2023 Censuses",I,2023,2023,9999,Total - New Zealand by regional council,999,Not elsewhere included,9,Total - industry,99,Total - gender,80775,,,
DATAFLOW,STATSNZ:CEN23_EDU_003(1.0),"Highest qualification, industry, and gender for the employed census usually resident population count aged 15 years and over, (RC, TALB, SA2, Health), 2013, 2018, and 2023 Censuses",I,2023,2023,9999,Total - New Zealand by regional council,008,Post-graduate and honours degrees,L,"Rental, Hiring and Real Estate Services",99,Total - gender,3891,,,
DATAFLOW,STATSNZ:CEN23_EDU_003(1.0),"Highest qualification, industry, and gender for the employed census usually resident population count aged 15 years and over, (RC, TALB, SA2, Health), 2013, 2018, and 2023 Censuses",I,2023,2023,9999,Total - New Zealand by regional council,009,Masters degree,D,"Electricity, Gas, Water and Waste Services",99,Total - gender,1575,,,
DATAFLOW,STATSNZ:CEN23_EDU_003(1.0),"Highest qualification, industry, and gender for the employed census usually resident population count aged 15 years and over, (RC, TALB, SA2, Health), 2013, 2018, and 2023 Censuses",I,2023,2023,9999,Total - New Zealand by regional council,000,No qualification,H,Accommodation and Food Services,99,Total - gender,18036,,,
DATAFLOW,STATSNZ:CEN23_EDU_003(1.0),"Highest qualification, industry, and gender for the employed census usually resident population count aged 15 years and over, (RC, TALB, SA2, Health), 2013, 2018, and 2023 Censuses",I,2023,2023,9999,Total - New Zealand by regional council,004,Level 4 certificate,S,Other Services,99,Total - gender,17694,,,
DATAFLOW,STATSNZ:CEN23_EDU_003(1.0),"Highest qualification, industry, and gender for the employed census usually resident population count aged 15 years and over, (RC, TALB, SA2, Health), 2013, 2018, and 2023 Censuses",I,2023,2023,9999,Total - New Zealand by regional council,008,Post-graduate and honours degrees,B,Mining,99,Total - gender,297,,,
DATAFLOW,STATSNZ:CEN23_EDU_003(1.0),"Highest qualification, industry, and gender for the employed census usually resident population count aged 15 years and over, (RC, TALB, SA2, Health), 2013, 2018, and 2023 Censuses",I,2023,2023,9999,Total - New Zealand by regional council,002,Level 2 certificate,9,Total - industry,99,Total - gender,254553,,,
DATAFLOW,STATSNZ:CEN23_EDU_003(1.0),"Highest qualification, industry, and gender for the employed census usually resident population count aged 15 years and over, (RC, TALB, SA2, Health), 2013, 2018, and 2023 Censuses",I,2023,2023,9999,Total - New Zealand by regional council,999,Not elsewhere included,D,"Electricity, Gas, Water and Waste Services",99,Total - gender,609,,,
DATAFLOW,STATSNZ:CEN23_EDU_003(1.0),"Highest qualification, industry, and gender for the employed census usually resident population count aged 15 years and over, (RC, TALB, SA2, Health), 2013, 2018, and 2023 Censuses",I,2023,2023,9999,Total - New Zealand by regional council,010,Doctorate degree,E,Construction,99,Total - gender,357,,,
DATAFLOW,STATSNZ:CEN23_EDU_003(1.0),"Highest qualification, industry, and gender for the employed census usually resident population count aged 15 years and over, (RC, TALB, SA2, Health), 2013, 2018, and 2023 Censuses",I,2023,2023,9999,Total - New Zealand by regional council,008,Post-graduate and honours degrees,R,Arts and Recreation Services,99,Total - gender,3366,,,
DATAFLOW,STATSNZ:CEN23_EDU_003(1.0),"Highest qualification, industry, and gender for the employed census usually resident population count aged 15 years and over, (RC, TALB, SA2, Health), 2013, 2018, and 2023 Censuses",I,2023,2023,9999,Total - New Zealand by regional council,010,Doctorate degree,Q,Health Care and Social Assistance,99,Total - gender,5097,,,
DATAFLOW,STATSNZ:CEN23_EDU_003(1.0),"Highest qualification, industry, and gender for the employed census usually resident population count aged 15 years and over, (RC, TALB, SA2, Health), 2013, 2018, and 2023 Censuses",I,2023,2023,9999,Total - New Zealand by regional council,011,Overseas secondary school qualification,S,Other Services,99,Total - gender,5352,,,
DATAFLOW,STATSNZ:CEN23_EDU_003(1.0),"Highest qualification, industry, and gender for the employed census usually resident population count aged 15 years and over, (RC, TALB, SA2, Health), 2013, 2018, and 2023 Censuses",I,2023,2023,9999,Total - New Zealand by regional council,002,Level 2 certificate,7,Total stated - industry,99,Total - gender,254553,,,
DATAFLOW,STATSNZ:CEN23_EDU_003(1.0),"Highest qualification, industry, and gender for the employed census usually resident population count aged 15 years and over, (RC, TALB, SA2, Health), 2013, 2018, and 2023 Censuses",I,2023,2023,9999,Total - New Zealand by regional council,000,No qualification,C,Manufacturing,99,Total - gender,34443,,,
DATAFLOW,STATSNZ:CEN23_EDU_003(1.0),"Highest qualification, industry, and gender for the employed census usually resident population count aged 15 years and over, (RC, TALB, SA2, Health), 2013, 2018, and 2023 Censuses",I,2023,2023,9999,Total - New Zealand by regional council,9999,Total - highest qualification,P,Education and Training,99,Total - gender,201555,,,
DATAFLOW,STATSNZ:CEN23_EDU_003(1.0),"Highest qualification, industry, and gender for the employed census usually resident population count aged 15 years and over, (RC, TALB, SA2, Health), 2013, 2018, and 2023 Censuses",I,2023,2023,9999,Total - New Zealand by regional council,002,Level 2 certificate,J,Information Media and Telecommunications,99,Total - gender,2946,,,
DATAFLOW,STATSNZ:CEN23_EDU_003(1.0),"Highest qualification, industry, and gender for the employed census usually resident population count aged 15 years and over, (RC, TALB, SA2, Health), 2013, 2018, and 2023 Censuses",I,2023,2023,9999,Total - New Zealand by regional council,003,Level 3 certificate,R,Arts and Recreation Services,99,Total - gender,7596,,,
DATAFLOW,STATSNZ:CEN23_EDU_003(1.0),"Highest qualification, industry, and gender for the employed census usually resident population count aged 15 years and over, (RC, TALB, SA2, Health), 2013, 2018, and 2023 Censuses",I,2023,2023,9999,Total - New Zealand by regional council,002,Level 2 certificate,L,"Rental, Hiring and Real Estate Services",99,Total - gender,6660,,,
DATAFLOW,STATSNZ:CEN23_EDU_003(1.0),"Highest qualification, industry, and gender for the employed census usually resident population count aged 15 years and over, (RC, TALB, SA2, Health), 2013, 2018, and 2023 Censuses",I,2023,2023,9999,Total - New Zealand by regional council,7777,Total stated - highest qualification,E,Construction,99,Total - gender,257157,,,
DATAFLOW,STATSNZ:CEN23_EDU_003(1.0),"Highest qualification, industry, and gender for the employed census usually resident population count aged 15 years and over, (RC, TALB, SA2, Health), 2013, 2018, and 2023 Censuses",I,2023,2023,9999,Total - New Zealand by regional council,9999,Total - highest qualification,J,Information Media and Telecommunications,99,Total - gender,38799,,,
DATAFLOW,STATSNZ:CEN23_EDU_003(1.0),"Highest qualification, industry, and gender for the employed census usually resident population count aged 15 years and over, (RC, TALB, SA2, Health), 2013, 2018, and 2023 Censuses",I,2023,2023,9999,Total - New Zealand by regional council,7777,Total stated - highest qualification,7,Total stated - industry,99,Total - gender,2541945,,,
DATAFLOW,STATSNZ:CEN23_EDU_003(1.0),"Highest qualification, industry, and gender for the employed census usually resident population count aged 15 years and over, (RC, TALB, SA2, Health), 2013, 2018, and 2023 Censuses",I,2023,2023,9999,Total - New Zealand by regional council,006,Level 6 diploma,S,Other Services,99,Total - gender,4644,,,
DATAFLOW,STATSNZ:CEN23_EDU_003(1.0),"Highest qualification, industry, and gender for the employed census usually resident population count aged 15 years and over, (RC, TALB, SA2, Health), 2013, 2018, and 2023 Censuses",I,2023,2023,9999,Total - New Zealand by regional council,007,Bachelor degree and level 7 qualification,G,Retail Trade,99,Total - gender,27657,,,
DATAFLOW,STATSNZ:CEN23_EDU_003(1.0),"Highest qualification, industry, and gender for the employed census usually resident population count aged 15 years and over, (RC, TALB, SA2, Health), 2013, 2018, and 2023 Censuses",I,2023,2023,9999,Total - New Zealand by regional council,007,Bachelor degree and level 7 qualification,L,"Rental, Hiring and Real Estate Services",99,Total - gender,12546,,,
DATAFLOW,STATSNZ:CEN23_EDU_003(1.0),"Highest qualification, industry, and gender for the employed census usually resident population count aged 15 years and over, (RC, TALB, SA2, Health), 2013, 2018, and 2023 Censuses",I,2023,2023,9999,Total - New Zealand by regional council,006,Level 6 diploma,T,Not Elsewhere Included,99,Total - gender,0,,,
DATAFLOW,STATSNZ:CEN23_EDU_003(1.0),"Highest qualification, industry, and gender for the employed census usually resident population count aged 15 years and over, (RC, TALB, SA2, Health), 2013, 2018, and 2023 Censuses",I,2023,2023,9999,Total - New Zealand by regional council,001,Level 1 certificate,A,"Agriculture, Forestry and Fishing",99,Total - gender,17562,,,
DATAFLOW,STATSNZ:CEN23_EDU_003(1.0),"Highest qualification, industry, and gender for the employed census usually resident population count aged 15 years and over, (RC, TALB, SA2, Health), 2013, 2018, and 2023 Censuses",I,2023,2023,9999,Total - New Zealand by regional council,9999,Total - highest qualification,M,"Professional, Scientific and Technical Services",99,Total - gender,258870,,,
DATAFLOW,STATSNZ:CEN23_EDU_003(1.0),"Highest qualification, industry, and gender for the employed census usually resident population count aged 15 years and over, (RC, TALB, SA2, Health), 2013, 2018, and 2023 Censuses",I,2023,2023,9999,Total - New Zealand by regional council,006,Level 6 diploma,B,Mining,99,Total - gender,234,,,
DATAFLOW,STATSNZ:CEN23_EDU_003(1.0),"Highest qualification, industry, and gender for the employed census usually resident population count aged 15 years and over, (RC, TALB, SA2, Health), 2013, 2018, and 2023 Censuses",I,2023,2023,9999,Total - New Zealand by regional council,005,Level 5 diploma,E,Construction,99,Total - gender,16389,,,
DATAFLOW,STATSNZ:CEN23_EDU_003(1.0),"Highest qualification, industry, and gender for the employed census usually resident population count aged 15 years and over, (RC, TALB, SA2, Health), 2013, 2018, and 2023 Censuses",I,2023,2023,9999,Total - New Zealand by regional council,011,Overseas secondary school qualification,G,Retail Trade,99,Total - gender,13650,,,
DATAFLOW,STATSNZ:CEN23_EDU_003(1.0),"Highest qualification, industry, and gender for the employed census usually resident population count aged 15 years and over, (RC, TALB, SA2, Health), 2013, 2018, and 2023 Censuses",I,2023,2023,9999,Total - New Zealand by regional council,004,Level 4 certificate,Q,Health Care and Social Assistance,99,Total - gender,19686,,,
DATAFLOW,STATSNZ:CEN23_EDU_003(1.0),"Highest qualification, industry, and gender for the employed census usually resident population count aged 15 years and over, (RC, TALB, SA2, Health), 2013, 2018, and 2023 Censuses",I,2023,2023,9999,Total - New Zealand by regional council,000,No qualification,Q,Health Care and Social Assistance,99,Total - gender,15270,,,
DATAFLOW,STATSNZ:CEN23_EDU_003(1.0),"Highest qualification, industry, and gender for the employed census usually resident population count aged 15 years and over, (RC, TALB, SA2, Health), 2013, 2018, and 2023 Censuses",I,2023,2023,9999,Total - New Zealand by regional council,007,Bachelor degree and level 7 qualification,C,Manufacturing,99,Total - gender,26031,,,
DATAFLOW,STATSNZ:CEN23_EDU_003(1.0),"Highest qualification, industry, and gender for the employed census usually resident population count aged 15 years and over, (RC, TALB, SA2, Health), 2013, 2018, and 2023 Censuses",I,2023,2023,9999,Total - New Zealand by regional council,9999,Total - highest qualification,R,Arts and Recreation Services,99,Total - gender,44376,,,
DATAFLOW,STATSNZ:CEN23_EDU_003(1.0),"Highest qualification, industry, and gender for the employed census usually resident population count aged 15 years and over, (RC, TALB, SA2, Health), 2013, 2018, and 2023 Censuses",I,2023,2023,9999,Total - New Zealand by regional council,004,Level 4 certificate,D,"Electricity, Gas, Water and Waste Services",99,Total - gender,2838,,,
DATAFLOW,STATSNZ:CEN23_EDU_003(1.0),"Highest qualification, industry, and gender for the employed census usually resident population count aged 15 years and over, (RC, TALB, SA2, Health), 2013, 2018, and 2023 Censuses",I,2023,2023,9999,Total - New Zealand by regional council,007,Bachelor degree and level 7 qualification,B,Mining,99,Total - gender,525,,,
DATAFLOW,STATSNZ:CEN23_EDU_003(1.0),"Highest qualification, industry, and gender for the employed census usually resident population count aged 15 years and over, (RC, TALB, SA2, Health), 2013, 2018, and 2023 Censuses",I,2023,2023,9999,Total - New Zealand by regional council,010,Doctorate degree,L,"Rental, Hiring and Real Estate Services",99,Total - gender,315,,,
DATAFLOW,STATSNZ:CEN23_EDU_003(1.0),"Highest qualification, industry, and gender for the employed census usually resident population count aged 15 years and over, (RC, TALB, SA2, Health), 2013, 2018, and 2023 Censuses",I,2023,2023,9999,Total - New Zealand by regional council,005,Level 5 diploma,N,Administrative and Support Services,99,Total - gender,5667,,,
DATAFLOW,STATSNZ:CEN23_EDU_003(1.0),"Highest qualification, industry, and gender for the employed census usually resident population count aged 15 years and over, (RC, TALB, SA2, Health), 2013, 2018, and 2023 Censuses",I,2023,2023,9999,Total - New Zealand by regional council,007,Bachelor degree and level 7 qualification,A,"Agriculture, Forestry and Fishing",99,Total - gender,13656,,,
DATAFLOW,STATSNZ:CEN23_EDU_003(1.0),"Highest qualification, industry, and gender for the employed census usually resident population count aged 15 years and over, (RC, TALB, SA2, Health), 2013, 2018, and 2023 Censuses",I,2023,2023,9999,Total - New Zealand by regional council,011,Overseas secondary school qualification,7,Total stated - industry,99,Total - gender,135324,,,
DATAFLOW,STATSNZ:CEN23_EDU_003(1.0),"Highest qualification, industry, and gender for the employed census usually resident population count aged 15 years and over, (RC, TALB, SA2, Health), 2013, 2018, and 2023 Censuses",I,2023,2023,9999,Total - New Zealand by regional council,008,Post-graduate and honours degrees,T,Not Elsewhere Included,99,Total - gender,0,,,
DATAFLOW,STATSNZ:CEN23_EDU_003(1.0),"Highest qualification, industry, and gender for the employed census usually resident population count aged 15 years and over, (RC, TALB, SA2, Health), 2013, 2018, and 2023 Censuses",I,2023,2023,9999,Total - New Zealand by regional council,007,Bachelor degree and level 7 qualification,F,Wholesale Trade,99,Total - gender,20757,,,
DATAFLOW,STATSNZ:CEN23_EDU_003(1.0),"Highest qualification, industry, and gender for the employed census usually resident population count aged 15 years and over, (RC, TALB, SA2, Health), 2013, 2018, and 2023 Censuses",I,2023,2023,9999,Total - New Zealand by regional council,011,Overseas secondary school qualification,E,Construction,99,Total - gender,16089,,,
DATAFLOW,STATSNZ:CEN23_EDU_003(1.0),"Highest qualification, industry, and gender for the employed census usually resident population count aged 15 years and over, (RC, TALB, SA2, Health), 2013, 2018, and 2023 Censuses",I,2023,2023,9999,Total - New Zealand by regional council,7777,Total stated - highest qualification,A,"Agriculture, Forestry and Fishing",99,Total - gender,128223,,,
DATAFLOW,STATSNZ:CEN23_EDU_003(1.0),"Highest qualification, industry, and gender for the employed census usually resident population count aged 15 years and over, (RC, TALB, SA2, Health), 2013, 2018, and 2023 Censuses",I,2023,2023,9999,Total - New Zealand by regional council,005,Level 5 diploma,J,Information Media and Telecommunications,99,Total - gender,2193,,,
DATAFLOW,STATSNZ:CEN23_EDU_003(1.0),"Highest qualification, industry, and gender for the employed census usually resident population count aged 15 years and over, (RC, TALB, SA2, Health), 2013, 2018, and 2023 Censuses",I,2023,2023,9999,Total - New Zealand by regional council,004,Level 4 certificate,9,Total - industry,99,Total - gender,247410,,,
DATAFLOW,STATSNZ:CEN23_EDU_003(1.0),"Highest qualification, industry, and gender for the employed census usually resident population count aged 15 years and over, (RC, TALB, SA2, Health), 2013, 2018, and 2023 Censuses",I,2023,2023,9999,Total - New Zealand by regional council,000,No qualification,A,"Agriculture, Forestry and Fishing",99,Total - gender,22416,,,
DATAFLOW,STATSNZ:CEN23_EDU_003(1.0),"Highest qualification, industry, and gender for the employed census usually resident population count aged 15 years and over, (RC, TALB, SA2, Health), 2013, 2018, and 2023 Censuses",I,2023,2023,9999,Total - New Zealand by regional council,005,Level 5 diploma,D,"Electricity, Gas, Water and Waste Services",99,Total - gender,1629,,,
DATAFLOW,STATSNZ:CEN23_EDU_003(1.0),"Highest qualification, industry, and gender for the employed census usually resident population count aged 15 years and over, (RC, TALB, SA2, Health), 2013, 2018, and 2023 Censuses",I,2023,2023,9999,Total - New Zealand by regional council,7777,Total stated - highest qualification,K,Financial and Insurance Services,99,Total - gender,76503,,,
DATAFLOW,STATSNZ:CEN23_EDU_003(1.0),"Highest qualification, industry, and gender for the employed census usually resident population count aged 15 years and over, (RC, TALB, SA2, Health), 2013, 2018, and 2023 Censuses",I,2023,2023,9999,Total - New Zealand by regional council,007,Bachelor degree and level 7 qualification,R,Arts and Recreation Services,99,Total - gender,8391,,,
DATAFLOW,STATSNZ:CEN23_EDU_003(1.0),"Highest qualification, industry, and gender for the employed census usually resident population count aged 15 years and over, (RC, TALB, SA2, Health), 2013, 2018, and 2023 Censuses",I,2023,2023,9999,Total - New Zealand by regional council,008,Post-graduate and honours degrees,9,Total - industry,99,Total - gender,197301,,,
DATAFLOW,STATSNZ:CEN23_EDU_003(1.0),"Highest qualification, industry, and gender for the employed census usually resident population count aged 15 years and over, (RC, TALB, SA2, Health), 2013, 2018, and 2023 Censuses",I,2023,2023,9999,Total - New Zealand by regional council,003,Level 3 certificate,N,Administrative and Support Services,99,Total - gender,14766,,,
DATAFLOW,STATSNZ:CEN23_EDU_003(1.0),"Highest qualification, industry, and gender for the employed census usually resident population count aged 15 years and over, (RC, TALB, SA2, Health), 2013, 2018, and 2023 Censuses",I,2023,2023,9999,Total - New Zealand by regional council,006,Level 6 diploma,A,"Agriculture, Forestry and Fishing",99,Total - gender,5673,,,
DATAFLOW,STATSNZ:CEN23_EDU_003(1.0),"Highest qualification, industry, and gender for the employed census usually resident population count aged 15 years and over, (RC, TALB, SA2, Health), 2013, 2018, and 2023 Censuses",I,2023,2023,9999,Total - New Zealand by regional council,000,No qualification,I,"Transport, Postal and Warehousing",99,Total - gender,17307,,,
DATAFLOW,STATSNZ:CEN23_EDU_003(1.0),"Highest qualification, industry, and gender for the employed census usually resident population count aged 15 years and over, (RC, TALB, SA2, Health), 2013, 2018, and 2023 Censuses",I,2023,2023,9999,Total - New Zealand by regional council,009,Masters degree,O,Public Administration and Safety,99,Total - gender,18681,,,
DATAFLOW,STATSNZ:CEN23_EDU_003(1.0),"Highest qualification, industry, and gender for the employed census usually resident population count aged 15 years and over, (RC, TALB, SA2, Health), 2013, 2018, and 2023 Censuses",I,2023,2023,9999,Total - New Zealand by regional council,009,Masters degree,B,Mining,99,Total - gender,195,,,
DATAFLOW,STATSNZ:CEN23_EDU_003(1.0),"Highest qualification, industry, and gender for the employed census usually resident population count aged 15 years and over, (RC, TALB, SA2, Health), 2013, 2018, and 2023 Censuses",I,2023,2023,9999,Total - New Zealand by regional council,7777,Total stated - highest qualification,G,Retail Trade,99,Total - gender,221679,,,
DATAFLOW,STATSNZ:CEN23_EDU_003(1.0),"Highest qualification, industry, and gender for the employed census usually resident population count aged 15 years and over, (RC, TALB, SA2, Health), 2013, 2018, and 2023 Censuses",I,2023,2023,9999,Total - New Zealand by regional council,9999,Total - highest qualification,B,Mining,99,Total - gender,5796,,,
DATAFLOW,STATSNZ:CEN23_EDU_003(1.0),"Highest qualification, industry, and gender for the employed census usually resident population count aged 15 years and over, (RC, TALB, SA2, Health), 2013, 2018, and 2023 Censuses",I,2023,2023,9999,Total - New Zealand by regional council,011,Overseas secondary school qualification,9,Total - industry,99,Total - gender,135324,,,
DATAFLOW,STATSNZ:CEN23_EDU_003(1.0),"Highest qualification, industry, and gender for the employed census usually resident population count aged 15 years and over, (RC, TALB, SA2, Health), 2013, 2018, and 2023 Censuses",I,2023,2023,9999,Total - New Zealand by regional council,009,Masters degree,Q,Health Care and Social Assistance,99,Total - gender,16398,,,
DATAFLOW,STATSNZ:CEN23_EDU_003(1.0),"Highest qualification, industry, and gender for the employed census usually resident population count aged 15 years and over, (RC, TALB, SA2, Health), 2013, 2018, and 2023 Censuses",I,2023,2023,9999,Total - New Zealand by regional council,9999,Total - highest qualification,F,Wholesale Trade,99,Total - gender,132318,,,
DATAFLOW,STATSNZ:CEN23_EDU_003(1.0),"Highest qualification, industry, and gender for the employed census usually resident population count aged 15 years and over, (RC, TALB, SA2, Health), 2013, 2018, and 2023 Censuses",I,2023,2023,9999,Total - New Zealand by regional council,004,Level 4 certificate,C,Manufacturing,99,Total - gender,27768,,,
DATAFLOW,STATSNZ:CEN23_EDU_003(1.0),"Highest qualification, industry, and gender for the employed census usually resident population count aged 15 years and over, (RC, TALB, SA2, Health), 2013, 2018, and 2023 Censuses",I,2023,2023,9999,Total - New Zealand by regional council,006,Level 6 diploma,D,"Electricity, Gas, Water and Waste Services",99,Total - gender,1290,,,
DATAFLOW,STATSNZ:CEN23_EDU_003(1.0),"Highest qualification, industry, and gender for the employed census usually resident population count aged 15 years and over, (RC, TALB, SA2, Health), 2013, 2018, and 2023 Censuses",I,2023,2023,9999,Total - New Zealand by regional council,011,Overseas secondary school qualification,A,"Agriculture, Forestry and Fishing",99,Total - gender,5934,,,
DATAFLOW,STATSNZ:CEN23_EDU_003(1.0),"Highest qualification, industry, and gender for the employed census usually resident population count aged 15 years and over, (RC, TALB, SA2, Health), 2013, 2018, and 2023 Censuses",I,2023,2023,9999,Total - New Zealand by regional council,004,Level 4 certificate,N,Administrative and Support Services,99,Total - gender,8805,,,
DATAFLOW,STATSNZ:CEN23_EDU_003(1.0),"Highest qualification, industry, and gender for the employed census usually resident population count aged 15 years and over, (RC, TALB, SA2, Health), 2013, 2018, and 2023 Censuses",I,2023,2023,9999,Total - New Zealand by regional council,008,Post-graduate and honours degrees,7,Total stated - industry,99,Total - gender,197301,,,
DATAFLOW,STATSNZ:CEN23_EDU_003(1.0),"Highest qualification, industry, and gender for the employed census usually resident population count aged 15 years and over, (RC, TALB, SA2, Health), 2013, 2018, and 2023 Censuses",I,2023,2023,9999,Total - New Zealand by regional council,011,Overseas secondary school qualification,C,Manufacturing,99,Total - gender,16908,,,
DATAFLOW,STATSNZ:CEN23_EDU_003(1.0),"Highest qualification, industry, and gender for the employed census usually resident population count aged 15 years and over, (RC, TALB, SA2, Health), 2013, 2018, and 2023 Censuses",I,2023,2023,9999,Total - New Zealand by regional council,011,Overseas secondary school qualification,K,Financial and Insurance Services,99,Total - gender,3279,,,
DATAFLOW,STATSNZ:CEN23_EDU_003(1.0),"Highest qualification, industry, and gender for the employed census usually resident population count aged 15 years and over, (RC, TALB, SA2, Health), 2013, 2018, and 2023 Censuses",I,2023,2023,9999,Total - New Zealand by regional council,9999,Total - highest qualification,D,"Electricity, Gas, Water and Waste Services",99,Total - gender,24714,,,
DATAFLOW,STATSNZ:CEN23_EDU_003(1.0),"Highest qualification, industry, and gender for the employed census usually resident population count aged 15 years and over, (RC, TALB, SA2, Health), 2013, 2018, and 2023 Censuses",I,2023,2023,9999,Total - New Zealand by regional council,9999,Total - highest qualification,Q,Health Care and Social Assistance,99,Total - gender,250020,,,
DATAFLOW,STATSNZ:CEN23_EDU_003(1.0),"Highest qualification, industry, and gender for the employed census usually resident population count aged 15 years and over, (RC, TALB, SA2, Health), 2013, 2018, and 2023 Censuses",I,2023,2023,9999,Total - New Zealand by regional council,003,Level 3 certificate,J,Information Media and Telecommunications,99,Total - gender,5001,,,
DATAFLOW,STATSNZ:CEN23_EDU_003(1.0),"Highest qualification, industry, and gender for the employed census usually resident population count aged 15 years and over, (RC, TALB, SA2, Health), 2013, 2018, and 2023 Censuses",I,2023,2023,9999,Total - New Zealand by regional council,000,No qualification,P,Education and Training,99,Total - gender,8478,,,
DATAFLOW,STATSNZ:CEN23_EDU_003(1.0),"Highest qualification, industry, and gender for the employed census usually resident population count aged 15 years and over, (RC, TALB, SA2, Health), 2013, 2018, and 2023 Censuses",I,2023,2023,9999,Total - New Zealand by regional council,005,Level 5 diploma,9,Total - industry,99,Total - gender,147291,,,
DATAFLOW,STATSNZ:CEN23_EDU_003(1.0),"Highest qualification, industry, and gender for the employed census usually resident population count aged 15 years and over, (RC, TALB, SA2, Health), 2013, 2018, and 2023 Censuses",I,2023,2023,9999,Total - New Zealand by regional council,007,Bachelor degree and level 7 qualification,J,Information Media and Telecommunications,99,Total - gender,11307,,,
DATAFLOW,STATSNZ:CEN23_EDU_003(1.0),"Highest qualification, industry, and gender for the employed census usually resident population count aged 15 years and over, (RC, TALB, SA2, Health), 2013, 2018, and 2023 Censuses",I,2023,2023,9999,Total - New Zealand by regional council,008,Post-graduate and honours degrees,P,Education and Training,99,Total - gender,32559,,,
DATAFLOW,STATSNZ:CEN23_EDU_003(1.0),"Highest qualification, industry, and gender for the employed census usually resident population count aged 15 years and over, (RC, TALB, SA2, Health), 2013, 2018, and 2023 Censuses",I,2023,2023,9999,Total - New Zealand by regional council,006,Level 6 diploma,E,Construction,99,Total - gender,10632,,,
DATAFLOW,STATSNZ:CEN23_EDU_003(1.0),"Highest qualification, industry, and gender for the employed census usually resident population count aged 15 years and over, (RC, TALB, SA2, Health), 2013, 2018, and 2023 Censuses",I,2023,2023,9999,Total - New Zealand by regional council,002,Level 2 certificate,F,Wholesale Trade,99,Total - gender,16260,,,
DATAFLOW,STATSNZ:CEN23_EDU_003(1.0),"Highest qualification, industry, and gender for the employed census usually resident population count aged 15 years and over, (RC, TALB, SA2, Health), 2013, 2018, and 2023 Censuses",I,2023,2023,9999,Total - New Zealand by regional council,000,No qualification,F,Wholesale Trade,99,Total - gender,13779,,,
DATAFLOW,STATSNZ:CEN23_EDU_003(1.0),"Highest qualification, industry, and gender for the employed census usually resident population count aged 15 years and over, (RC, TALB, SA2, Health), 2013, 2018, and 2023 Censuses",I,2023,2023,9999,Total - New Zealand by regional council,9999,Total - highest qualification,N,Administrative and Support Services,99,Total - gender,103428,,,
DATAFLOW,STATSNZ:CEN23_EDU_003(1.0),"Highest qualification, industry, and gender for the employed census usually resident population count aged 15 years and over, (RC, TALB, SA2, Health), 2013, 2018, and 2023 Censuses",I,2023,2023,9999,Total - New Zealand by regional council,009,Masters degree,R,Arts and Recreation Services,99,Total - gender,2643,,,
DATAFLOW,STATSNZ:CEN23_EDU_003(1.0),"Highest qualification, industry, and gender for the employed census usually resident population count aged 15 years and over, (RC, TALB, SA2, Health), 2013, 2018, and 2023 Censuses",I,2023,2023,9999,Total - New Zealand by regional council,7777,Total stated - highest qualification,D,"Electricity, Gas, Water and Waste Services",99,Total - gender,24102,,,
DATAFLOW,STATSNZ:CEN23_EDU_003(1.0),"Highest qualification, industry, and gender for the employed census usually resident population count aged 15 years and over, (RC, TALB, SA2, Health), 2013, 2018, and 2023 Censuses",I,2023,2023,9999,Total - New Zealand by regional council,002,Level 2 certificate,B,Mining,99,Total - gender,639,,,
DATAFLOW,STATSNZ:CEN23_EDU_003(1.0),"Highest qualification, industry, and gender for the employed census usually resident population count aged 15 years and over, (RC, TALB, SA2, Health), 2013, 2018, and 2023 Censuses",I,2023,2023,9999,Total - New Zealand by regional council,7777,Total stated - highest qualification,T,Not Elsewhere Included,99,Total - gender,0,,,
DATAFLOW,STATSNZ:CEN23_EDU_003(1.0),"Highest qualification, industry, and gender for the employed census usually resident population count aged 15 years and over, (RC, TALB, SA2, Health), 2013, 2018, and 2023 Censuses",I,2023,2023,9999,Total - New Zealand by regional council,003,Level 3 certificate,9,Total - industry,99,Total - gender,343599,,,
DATAFLOW,STATSNZ:CEN23_EDU_003(1.0),"Highest qualification, industry, and gender for the employed census usually resident population count aged 15 years and over, (RC, TALB, SA2, Health), 2013, 2018, and 2023 Censuses",I,2023,2023,9999,Total - New Zealand by regional council,004,Level 4 certificate,R,Arts and Recreation Services,99,Total - gender,3504,,,
DATAFLOW,STATSNZ:CEN23_EDU_003(1.0),"Highest qualification, industry, and gender for the employed census usually resident population count aged 15 years and over, (RC, TALB, SA2, Health), 2013, 2018, and 2023 Censuses",I,2023,2023,9999,Total - New Zealand by regional council,003,Level 3 certificate,B,Mining,99,Total - gender,636,,,
DATAFLOW,STATSNZ:CEN23_EDU_003(1.0),"Highest qualification, industry, and gender for the employed census usually resident population count aged 15 years and over, (RC, TALB, SA2, Health), 2013, 2018, and 2023 Censuses",I,2023,2023,9999,Total - New Zealand by regional council,001,Level 1 certificate,J,Information Media and Telecommunications,99,Total - gender,1881,,,
DATAFLOW,STATSNZ:CEN23_EDU_003(1.0),"Highest qualification, industry, and gender for the employed census usually resident population count aged 15 years and over, (RC, TALB, SA2, Health), 2013, 2018, and 2023 Censuses",I,2023,2023,9999,Total - New Zealand by regional council,005,Level 5 diploma,P,Education and Training,99,Total - gender,8193,,,
DATAFLOW,STATSNZ:CEN23_EDU_003(1.0),"Highest qualification, industry, and gender for the employed census usually resident population count aged 15 years and over, (RC, TALB, SA2, Health), 2013, 2018, and 2023 Censuses",I,2023,2023,9999,Total - New Zealand by regional council,009,Masters degree,L,"Rental, Hiring and Real Estate Services",99,Total - gender,2829,,,
DATAFLOW,STATSNZ:CEN23_EDU_003(1.0),"Highest qualification, industry, and gender for the employed census usually resident population count aged 15 years and over, (RC, TALB, SA2, Health), 2013, 2018, and 2023 Censuses",I,2023,2023,9999,Total - New Zealand by regional council,7777,Total stated - highest qualification,S,Other Services,99,Total - gender,103020,,,
DATAFLOW,STATSNZ:CEN23_EDU_003(1.0),"Highest qualification, industry, and gender for the employed census usually resident population count aged 15 years and over, (RC, TALB, SA2, Health), 2013, 2018, and 2023 Censuses",I,2023,2023,9999,Total - New Zealand by regional council,7777,Total stated - highest qualification,L,"Rental, Hiring and Real Estate Services",99,Total - gender,63231,,,
DATAFLOW,STATSNZ:CEN23_EDU_003(1.0),"Highest qualification, industry, and gender for the employed census usually resident population count aged 15 years and over, (RC, TALB, SA2, Health), 2013, 2018, and 2023 Censuses",I,2023,2023,9999,Total - New Zealand by regional council,009,Masters degree,F,Wholesale Trade,99,Total - gender,4635,,,
DATAFLOW,STATSNZ:CEN23_EDU_003(1.0),"Highest qualification, industry, and gender for the employed census usually resident population count aged 15 years and over, (RC, TALB, SA2, Health), 2013, 2018, and 2023 Censuses",I,2023,2023,9999,Total - New Zealand by regional council,006,Level 6 diploma,C,Manufacturing,99,Total - gender,9075,,,
DATAFLOW,STATSNZ:CEN23_EDU_003(1.0),"Highest qualification, industry, and gender for the employed census usually resident population count aged 15 years and over, (RC, TALB, SA2, Health), 2013, 2018, and 2023 Censuses",I,2023,2023,9999,Total - New Zealand by regional council,000,No qualification,K,Financial and Insurance Services,99,Total - gender,2595,,,
DATAFLOW,STATSNZ:CEN23_EDU_003(1.0),"Highest qualification, industry, and gender for the employed census usually resident population count aged 15 years and over, (RC, TALB, SA2, Health), 2013, 2018, and 2023 Censuses",I,2023,2023,9999,Total - New Zealand by regional council,001,Level 1 certificate,N,Administrative and Support Services,99,Total - gender,9516,,,
DATAFLOW,STATSNZ:CEN23_EDU_003(1.0),"Highest qualification, industry, and gender for the employed census usually resident population count aged 15 years and over, (RC, TALB, SA2, Health), 2013, 2018, and 2023 Censuses",I,2023,2023,9999,Total - New Zealand by regional council,007,Bachelor degree and level 7 qualification,S,Other Services,99,Total - gender,13776,,,
DATAFLOW,STATSNZ:CEN23_EDU_003(1.0),"Highest qualification, industry, and gender for the employed census usually resident population count aged 15 years and over, (RC, TALB, SA2, Health), 2013, 2018, and 2023 Censuses",I,2023,2023,9999,Total - New Zealand by regional council,004,Level 4 certificate,G,Retail Trade,99,Total - gender,17691,,,
DATAFLOW,STATSNZ:CEN23_EDU_003(1.0),"Highest qualification, industry, and gender for the employed census usually resident population count aged 15 years and over, (RC, TALB, SA2, Health), 2013, 2018, and 2023 Censuses",I,2023,2023,9999,Total - New Zealand by regional council,003,Level 3 certificate,O,Public Administration and Safety,99,Total - gender,21531,,,
DATAFLOW,STATSNZ:CEN23_EDU_003(1.0),"Highest qualification, industry, and gender for the employed census usually resident population count aged 15 years and over, (RC, TALB, SA2, Health), 2013, 2018, and 2023 Censuses",I,2023,2023,9999,Total - New Zealand by regional council,007,Bachelor degree and level 7 qualification,M,"Professional, Scientific and Technical Services",99,Total - gender,78411,,,
DATAFLOW,STATSNZ:CEN23_EDU_003(1.0),"Highest qualification, industry, and gender for the employed census usually resident population count aged 15 years and over, (RC, TALB, SA2, Health), 2013, 2018, and 2023 Censuses",I,2023,2023,9999,Total - New Zealand by regional council,999,Not elsewhere included,M,"Professional, Scientific and Technical Services",99,Total - gender,4902,,,
DATAFLOW,STATSNZ:CEN23_EDU_003(1.0),"Highest qualification, industry, and gender for the employed census usually resident population count aged 15 years and over, (RC, TALB, SA2, Health), 2013, 2018, and 2023 Censuses",I,2023,2023,9999,Total - New Zealand by regional council,004,Level 4 certificate,M,"Professional, Scientific and Technical Services",99,Total - gender,12339,,,
DATAFLOW,STATSNZ:CEN23_EDU_003(1.0),"Highest qualification, industry, and gender for the employed census usually resident population count aged 15 years and over, (RC, TALB, SA2, Health), 2013, 2018, and 2023 Censuses",I,2023,2023,9999,Total - New Zealand by regional council,010,Doctorate degree,B,Mining,99,Total - gender,27,,,
DATAFLOW,STATSNZ:CEN23_EDU_003(1.0),"Highest qualification, industry, and gender for the employed census usually resident population count aged 15 years and over, (RC, TALB, SA2, Health), 2013, 2018, and 2023 Censuses",I,2023,2023,9999,Total - New Zealand by regional council,009,Masters degree,M,"Professional, Scientific and Technical Services",99,Total - gender,27492,,,
DATAFLOW,STATSNZ:CEN23_EDU_003(1.0),"Highest qualification, industry, and gender for the employed census usually resident population count aged 15 years and over, (RC, TALB, SA2, Health), 2013, 2018, and 2023 Censuses",I,2023,2023,9999,Total - New Zealand by regional council,008,Post-graduate and honours degrees,K,Financial and Insurance Services,99,Total - gender,7680,,,
DATAFLOW,STATSNZ:CEN23_EDU_003(1.0),"Highest qualification, industry, and gender for the employed census usually resident population count aged 15 years and over, (RC, TALB, SA2, Health), 2013, 2018, and 2023 Censuses",I,2023,2023,9999,Total - New Zealand by regional council,999,Not elsewhere included,G,Retail Trade,99,Total - gender,7875,,,
DATAFLOW,STATSNZ:CEN23_EDU_003(1.0),"Highest qualification, industry, and gender for the employed census usually resident population count aged 15 years and over, (RC, TALB, SA2, Health), 2013, 2018, and 2023 Censuses",I,2023,2023,9999,Total - New Zealand by regional council,006,Level 6 diploma,R,Arts and Recreation Services,99,Total - gender,2049,,,
DATAFLOW,STATSNZ:CEN23_EDU_003(1.0),"Highest qualification, industry, and gender for the employed census usually resident population count aged 15 years and over, (RC, TALB, SA2, Health), 2013, 2018, and 2023 Censuses",I,2023,2023,9999,Total - New Zealand by regional council,007,Bachelor degree and level 7 qualification,9,Total - industry,99,Total - gender,476331,,,
DATAFLOW,STATSNZ:CEN23_EDU_003(1.0),"Highest qualification, industry, and gender for the employed census usually resident population count aged 15 years and over, (RC, TALB, SA2, Health), 2013, 2018, and 2023 Censuses",I,2023,2023,9999,Total - New Zealand by regional council,7777,Total stated - highest qualification,Q,Health Care and Social Assistance,99,Total - gender,244620,,,
DATAFLOW,STATSNZ:CEN23_EDU_003(1.0),"Highest qualification, industry, and gender for the employed census usually resident population count aged 15 years and over, (RC, TALB, SA2, Health), 2013, 2018, and 2023 Censuses",I,2023,2023,9999,Total - New Zealand by regional council,999,Not elsewhere included,T,Not Elsewhere Included,99,Total - gender,0,,,
DATAFLOW,STATSNZ:CEN23_EDU_003(1.0),"Highest qualification, industry, and gender for the employed census usually resident population count aged 15 years and over, (RC, TALB, SA2, Health), 2013, 2018, and 2023 Censuses",I,2023,2023,9999,Total - New Zealand by regional council,005,Level 5 diploma,B,Mining,99,Total - gender,462,,,
DATAFLOW,STATSNZ:CEN23_EDU_003(1.0),"Highest qualification, industry, and gender for the employed census usually resident population count aged 15 years and over, (RC, TALB, SA2, Health), 2013, 2018, and 2023 Censuses",I,2023,2023,9999,Total - New Zealand by regional council,010,Doctorate degree,T,Not Elsewhere Included,99,Total - gender,0,,,
DATAFLOW,STATSNZ:CEN23_EDU_003(1.0),"Highest qualification, industry, and gender for the employed census usually resident population count aged 15 years and over, (RC, TALB, SA2, Health), 2013, 2018, and 2023 Censuses",I,2023,2023,9999,Total - New Zealand by regional council,011,Overseas secondary school qualification,O,Public Administration and Safety,99,Total - gender,5217,,,
DATAFLOW,STATSNZ:CEN23_EDU_003(1.0),"Highest qualification, industry, and gender for the employed census usually resident population count aged 15 years and over, (RC, TALB, SA2, Health), 2013, 2018, and 2023 Censuses",I,2023,2023,9999,Total - New Zealand by regional council,009,Masters degree,7,Total stated - industry,99,Total - gender,135486,,,
DATAFLOW,STATSNZ:CEN23_EDU_003(1.0),"Highest qualification, industry, and gender for the employed census usually resident population count aged 15 years and over, (RC, TALB, SA2, Health), 2013, 2018, and 2023 Censuses",I,2023,2023,9999,Total - New Zealand by regional council,7777,Total stated - highest qualification,F,Wholesale Trade,99,Total - gender,128538,,,
DATAFLOW,STATSNZ:CEN23_EDU_003(1.0),"Highest qualification, industry, and gender for the employed census usually resident population count aged 15 years and over, (RC, TALB, SA2, Health), 2013, 2018, and 2023 Censuses",I,2023,2023,9999,Total - New Zealand by regional council,007,Bachelor degree and level 7 qualification,Q,Health Care and Social Assistance,99,Total - gender,66708,,,
DATAFLOW,STATSNZ:CEN23_EDU_003(1.0),"Highest qualification, industry, and gender for the employed census usually resident population count aged 15 years and over, (RC, TALB, SA2, Health), 2013, 2018, and 2023 Censuses",I,2023,2023,9999,Total - New Zealand by regional council,9999,Total - highest qualification,T,Not Elsewhere Included,99,Total - gender,0,,,
DATAFLOW,STATSNZ:CEN23_EDU_003(1.0),"Highest qualification, industry, and gender for the employed census usually resident population count aged 15 years and over, (RC, TALB, SA2, Health), 2013, 2018, and 2023 Censuses",I,2023,2023,9999,Total - New Zealand by regional council,008,Post-graduate and honours degrees,I,"Transport, Postal and Warehousing",99,Total - gender,3261,,,
DATAFLOW,STATSNZ:CEN23_EDU_003(1.0),"Highest qualification, industry, and gender for the employed census usually resident population count aged 15 years and over, (RC, TALB, SA2, Health), 2013, 2018, and 2023 Censuses",I,2023,2023,9999,Total - New Zealand by regional council,005,Level 5 diploma,K,Financial and Insurance Services,99,Total - gender,6012,,,
DATAFLOW,STATSNZ:CEN23_EDU_003(1.0),"Highest qualification, industry, and gender for the employed census usually resident population count aged 15 years and over, (RC, TALB, SA2, Health), 2013, 2018, and 2023 Censuses",I,2023,2023,9999,Total - New Zealand by regional council,001,Level 1 certificate,Q,Health Care and Social Assistance,99,Total - gender,13308,,,
DATAFLOW,STATSNZ:CEN23_EDU_003(1.0),"Highest qualification, industry, and gender for the employed census usually resident population count aged 15 years and over, (RC, TALB, SA2, Health), 2013, 2018, and 2023 Censuses",I,2023,2023,9999,Total - New Zealand by regional council,006,Level 6 diploma,F,Wholesale Trade,99,Total - gender,5541,,,
DATAFLOW,STATSNZ:CEN23_EDU_003(1.0),"Highest qualification, industry, and gender for the employed census usually resident population count aged 15 years and over, (RC, TALB, SA2, Health), 2013, 2018, and 2023 Censuses",I,2023,2023,9999,Total - New Zealand by regional council,008,Post-graduate and honours degrees,G,Retail Trade,99,Total - gender,7578,,,
DATAFLOW,STATSNZ:CEN23_EDU_003(1.0),"Highest qualification, industry, and gender for the employed census usually resident population count aged 15 years and over, (RC, TALB, SA2, Health), 2013, 2018, and 2023 Censuses",I,2023,2023,9999,Total - New Zealand by regional council,999,Not elsewhere included,R,Arts and Recreation Services,99,Total - gender,1260,,,
DATAFLOW,STATSNZ:CEN23_EDU_003(1.0),"Highest qualification, industry, and gender for the employed census usually resident population count aged 15 years and over, (RC, TALB, SA2, Health), 2013, 2018, and 2023 Censuses",I,2023,2023,9999,Total - New Zealand by regional council,003,Level 3 certificate,D,"Electricity, Gas, Water and Waste Services",99,Total - gender,2820,,,
DATAFLOW,STATSNZ:CEN23_EDU_003(1.0),"Highest qualification, industry, and gender for the employed census usually resident population count aged 15 years and over, (RC, TALB, SA2, Health), 2013, 2018, and 2023 Censuses",I,2023,2023,9999,Total - New Zealand by regional council,005,Level 5 diploma,T,Not Elsewhere Included,99,Total - gender,0,,,
DATAFLOW,STATSNZ:CEN23_EDU_003(1.0),"Highest qualification, industry, and gender for the employed census usually resident population count aged 15 years and over, (RC, TALB, SA2, Health), 2013, 2018, and 2023 Censuses",I,2023,2023,9999,Total - New Zealand by regional council,004,Level 4 certificate,P,Education and Training,99,Total - gender,9504,,,
DATAFLOW,STATSNZ:CEN23_EDU_003(1.0),"Highest qualification, industry, and gender for the employed census usually resident population count aged 15 years and over, (RC, TALB, SA2, Health), 2013, 2018, and 2023 Censuses",I,2023,2023,9999,Total - New Zealand by regional council,006,Level 6 diploma,Q,Health Care and Social Assistance,99,Total - gender,14271,,,
DATAFLOW,STATSNZ:CEN23_EDU_003(1.0),"Highest qualification, industry, and gender for the employed census usually resident population count aged 15 years and over, (RC, TALB, SA2, Health), 2013, 2018, and 2023 Censuses",I,2023,2023,9999,Total - New Zealand by regional council,004,Level 4 certificate,7,Total stated - industry,99,Total - gender,247410,,,
DATAFLOW,STATSNZ:CEN23_EDU_003(1.0),"Highest qualification, industry, and gender for the employed census usually resident population count aged 15 years and over, (RC, TALB, SA2, Health), 2013, 2018, and 2023 Censuses",I,2023,2023,9999,Total - New Zealand by regional council,999,Not elsewhere included,7,Total stated - industry,99,Total - gender,80775,,,
DATAFLOW,STATSNZ:CEN23_EDU_003(1.0),"Highest qualification, industry, and gender for the employed census usually resident population count aged 15 years and over, (RC, TALB, SA2, Health), 2013, 2018, and 2023 Censuses",I,2023,2023,9999,Total - New Zealand by regional council,999,Not elsewhere included,K,Financial and Insurance Services,99,Total - gender,1380,,,
DATAFLOW,STATSNZ:CEN23_EDU_003(1.0),"Highest qualification, industry, and gender for the employed census usually resident population count aged 15 years and over, (RC, TALB, SA2, Health), 2013, 2018, and 2023 Censuses",I,2023,2023,9999,Total - New Zealand by regional council,001,Level 1 certificate,B,Mining,99,Total - gender,642,,,
DATAFLOW,STATSNZ:CEN23_EDU_003(1.0),"Highest qualification, industry, and gender for the employed census usually resident population count aged 15 years and over, (RC, TALB, SA2, Health), 2013, 2018, and 2023 Censuses",I,2023,2023,9999,Total - New Zealand by regional council,011,Overseas secondary school qualification,R,Arts and Recreation Services,99,Total - gender,1608,,,
DATAFLOW,STATSNZ:CEN23_EDU_003(1.0),"Highest qualification, industry, and gender for the employed census usually resident population count aged 15 years and over, (RC, TALB, SA2, Health), 2013, 2018, and 2023 Censuses",I,2023,2023,9999,Total - New Zealand by regional council,005,Level 5 diploma,F,Wholesale Trade,99,Total - gender,7041,,,
DATAFLOW,STATSNZ:CEN23_EDU_003(1.0),"Highest qualification, industry, and gender for the employed census usually resident population count aged 15 years and over, (RC, TALB, SA2, Health), 2013, 2018, and 2023 Censuses",I,2023,2023,9999,Total - New Zealand by regional council,010,Doctorate degree,A,"Agriculture, Forestry and Fishing",99,Total - gender,477,,,
DATAFLOW,STATSNZ:CEN23_EDU_003(1.0),"Highest qualification, industry, and gender for the employed census usually resident population count aged 15 years and over, (RC, TALB, SA2, Health), 2013, 2018, and 2023 Censuses",I,2023,2023,9999,Total - New Zealand by regional council,010,Doctorate degree,N,Administrative and Support Services,99,Total - gender,318,,,
DATAFLOW,STATSNZ:CEN23_EDU_003(1.0),"Highest qualification, industry, and gender for the employed census usually resident population count aged 15 years and over, (RC, TALB, SA2, Health), 2013, 2018, and 2023 Censuses",I,2023,2023,9999,Total - New Zealand by regional council,010,Doctorate degree,F,Wholesale Trade,99,Total - gender,495,,,
DATAFLOW,STATSNZ:CEN23_EDU_003(1.0),"Highest qualification, industry, and gender for the employed census usually resident population count aged 15 years and over, (RC, TALB, SA2, Health), 2013, 2018, and 2023 Censuses",I,2023,2023,9999,Total - New Zealand by regional council,003,Level 3 certificate,Q,Health Care and Social Assistance,99,Total - gender,24381,,,
DATAFLOW,STATSNZ:CEN23_EDU_003(1.0),"Highest qualification, industry, and gender for the employed census usually resident population count aged 15 years and over, (RC, TALB, SA2, Health), 2013, 2018, and 2023 Censuses",I,2023,2023,9999,Total - New Zealand by regional council,006,Level 6 diploma,L,"Rental, Hiring and Real Estate Services",99,Total - gender,3402,,,
DATAFLOW,STATSNZ:CEN23_EDU_003(1.0),"Highest qualification, industry, and gender for the employed census usually resident population count aged 15 years and over, (RC, TALB, SA2, Health), 2013, 2018, and 2023 Censuses",I,2023,2023,9999,Total - New Zealand by regional council,001,Level 1 certificate,7,Total stated - industry,99,Total - gender,217185,,,
DATAFLOW,STATSNZ:CEN23_EDU_003(1.0),"Highest qualification, industry, and gender for the employed census usually resident population count aged 15 years and over, (RC, TALB, SA2, Health), 2013, 2018, and 2023 Censuses",I,2023,2023,9999,Total - New Zealand by regional council,000,No qualification,B,Mining,99,Total - gender,930,,,
DATAFLOW,STATSNZ:CEN23_EDU_003(1.0),"Highest qualification, industry, and gender for the employed census usually resident population count aged 15 years and over, (RC, TALB, SA2, Health), 2013, 2018, and 2023 Censuses",I,2023,2023,9999,Total - New Zealand by regional council,7777,Total stated - highest qualification,M,"Professional, Scientific and Technical Services",99,Total - gender,253968,,,
DATAFLOW,STATSNZ:CEN23_EDU_003(1.0),"Highest qualification, industry, and gender for the employed census usually resident population count aged 15 years and over, (RC, TALB, SA2, Health), 2013, 2018, and 2023 Censuses",I,2023,2023,9999,Total - New Zealand by regional council,007,Bachelor degree and level 7 qualification,E,Construction,99,Total - gender,21987,,,
DATAFLOW,STATSNZ:CEN23_EDU_003(1.0),"Highest qualification, industry, and gender for the employed census usually resident population count aged 15 years and over, (RC, TALB, SA2, Health), 2013, 2018, and 2023 Censuses",I,2023,2023,9999,Total - New Zealand by regional council,000,No qualification,7,Total stated - industry,99,Total - gender,238278,,,
DATAFLOW,STATSNZ:CEN23_EDU_003(1.0),"Highest qualification, industry, and gender for the employed census usually resident population count aged 15 years and over, (RC, TALB, SA2, Health), 2013, 2018, and 2023 Censuses",I,2023,2023,9999,Total - New Zealand by regional council,006,Level 6 diploma,I,"Transport, Postal and Warehousing",99,Total - gender,5367,,,
DATAFLOW,STATSNZ:CEN23_EDU_003(1.0),"Highest qualification, industry, and gender for the employed census usually resident population count aged 15 years and over, (RC, TALB, SA2, Health), 2013, 2018, and 2023 Censuses",I,2023,2023,9999,Total - New Zealand by regional council,000,No qualification,D,"Electricity, Gas, Water and Waste Services",99,Total - gender,2448,,,
DATAFLOW,STATSNZ:CEN23_EDU_003(1.0),"Highest qualification, industry, and gender for the employed census usually resident population count aged 15 years and over, (RC, TALB, SA2, Health), 2013, 2018, and 2023 Censuses",I,2023,2023,9999,Total - New Zealand by regional council,001,Level 1 certificate,C,Manufacturing,99,Total - gender,24345,,,
DATAFLOW,STATSNZ:CEN23_EDU_003(1.0),"Highest qualification, industry, and gender for the employed census usually resident population count aged 15 years and over, (RC, TALB, SA2, Health), 2013, 2018, and 2023 Censuses",I,2023,2023,9999,Total - New Zealand by regional council,010,Doctorate degree,S,Other Services,99,Total - gender,1425,,,
DATAFLOW,STATSNZ:CEN23_EDU_003(1.0),"Highest qualification, industry, and gender for the employed census usually resident population count aged 15 years and over, (RC, TALB, SA2, Health), 2013, 2018, and 2023 Censuses",I,2023,2023,9999,Total - New Zealand by regional council,001,Level 1 certificate,D,"Electricity, Gas, Water and Waste Services",99,Total - gender,1944,,,
DATAFLOW,STATSNZ:CEN23_EDU_003(1.0),"Highest qualification, industry, and gender for the employed census usually resident population count aged 15 years and over, (RC, TALB, SA2, Health), 2013, 2018, and 2023 Censuses",I,2023,2023,9999,Total - New Zealand by regional council,7777,Total stated - highest qualification,I,"Transport, Postal and Warehousing",99,Total - gender,103053,,,
DATAFLOW,STATSNZ:CEN23_EDU_003(1.0),"Highest qualification, industry, and gender for the employed census usually resident population count aged 15 years and over, (RC, TALB, SA2, Health), 2013, 2018, and 2023 Censuses",I,2023,2023,9999,Total - New Zealand by regional council,000,No qualification,L,"Rental, Hiring and Real Estate Services",99,Total - gender,5667,,,
DATAFLOW,STATSNZ:CEN23_EDU_003(1.0),"Highest qualification, industry, and gender for the employed census usually resident population count aged 15 years and over, (RC, TALB, SA2, Health), 2013, 2018, and 2023 Censuses",I,2023,2023,9999,Total - New Zealand by regional council,002,Level 2 certificate,A,"Agriculture, Forestry and Fishing",99,Total - gender,17694,,,
DATAFLOW,STATSNZ:CEN23_EDU_003(1.0),"Highest qualification, industry, and gender for the employed census usually resident population count aged 15 years and over, (RC, TALB, SA2, Health), 2013, 2018, and 2023 Censuses",I,2023,2023,9999,Total - New Zealand by regional council,003,Level 3 certificate,7,Total stated - industry,99,Total - gender,343599,,,
DATAFLOW,STATSNZ:CEN23_EDU_003(1.0),"Highest qualification, industry, and gender for the employed census usually resident population count aged 15 years and over, (RC, TALB, SA2, Health), 2013, 2018, and 2023 Censuses",I,2023,2023,9999,Total - New Zealand by regional council,009,Masters degree,J,Information Media and Telecommunications,99,Total - gender,3003,,,
DATAFLOW,STATSNZ:CEN23_EDU_003(1.0),"Highest qualification, industry, and gender for the employed census usually resident population count aged 15 years and over, (RC, TALB, SA2, Health), 2013, 2018, and 2023 Censuses",I,2023,2023,9999,Total - New Zealand by regional council,011,Overseas secondary school qualification,H,Accommodation and Food Services,99,Total - gender,14592,,,
DATAFLOW,STATSNZ:CEN23_EDU_003(1.0),"Highest qualification, industry, and gender for the employed census usually resident population count aged 15 years and over, (RC, TALB, SA2, Health), 2013, 2018, and 2023 Censuses",I,2023,2023,9999,Total - New Zealand by regional council,010,Doctorate degree,J,Information Media and Telecommunications,99,Total - gender,312,,,
DATAFLOW,STATSNZ:CEN23_EDU_003(1.0),"Highest qualification, industry, and gender for the employed census usually resident population count aged 15 years and over, (RC, TALB, SA2, Health), 2013, 2018, and 2023 Censuses",I,2023,2023,9999,Total - New Zealand by regional council,009,Masters degree,G,Retail Trade,99,Total - gender,4944,,,
DATAFLOW,STATSNZ:CEN23_EDU_003(1.0),"Highest qualification, industry, and gender for the employed census usually resident population count aged 15 years and over, (RC, TALB, SA2, Health), 2013, 2018, and 2023 Censuses",I,2023,2023,9999,Total - New Zealand by regional council,006,Level 6 diploma,K,Financial and Insurance Services,99,Total - gender,3405,,,
DATAFLOW,STATSNZ:CEN23_EDU_003(1.0),"Highest qualification, industry, and gender for the employed census usually resident population count aged 15 years and over, (RC, TALB, SA2, Health), 2013, 2018, and 2023 Censuses",I,2023,2023,9999,Total - New Zealand by regional council,001,Level 1 certificate,H,Accommodation and Food Services,99,Total - gender,17031,,,
DATAFLOW,STATSNZ:CEN23_EDU_003(1.0),"Highest qualification, industry, and gender for the employed census usually resident population count aged 15 years and over, (RC, TALB, SA2, Health), 2013, 2018, and 2023 Censuses",I,2023,2023,9999,Total - New Zealand by regional council,7777,Total stated - highest qualification,9,Total - industry,99,Total - gender,2541945,,,
DATAFLOW,STATSNZ:CEN23_EDU_003(1.0),"Highest qualification, industry, and gender for the employed census usually resident population count aged 15 years and over, (RC, TALB, SA2, Health), 2013, 2018, and 2023 Censuses",I,2023,2023,9999,Total - New Zealand by regional council,011,Overseas secondary school qualification,N,Administrative and Support Services,99,Total - gender,8181,,,
DATAFLOW,STATSNZ:CEN23_EDU_003(1.0),"Highest qualification, industry, and gender for the employed census usually resident population count aged 15 years and over, (RC, TALB, SA2, Health), 2013, 2018, and 2023 Censuses",I,2023,2023,9999,Total - New Zealand by regional council,009,Masters degree,S,Other Services,99,Total - gender,4131,,,
DATAFLOW,STATSNZ:CEN23_EDU_003(1.0),"Highest qualification, industry, and gender for the employed census usually resident population count aged 15 years and over, (RC, TALB, SA2, Health), 2013, 2018, and 2023 Censuses",I,2023,2023,9999,Total - New Zealand by regional council,011,Overseas secondary school qualification,T,Not Elsewhere Included,99,Total - gender,0,,,
DATAFLOW,STATSNZ:CEN23_EDU_003(1.0),"Highest qualification, industry, and gender for the employed census usually resident population count aged 15 years and over, (RC, TALB, SA2, Health), 2013, 2018, and 2023 Censuses",I,2023,2023,9999,Total - New Zealand by regional council,001,Level 1 certificate,I,"Transport, Postal and Warehousing",99,Total - gender,12690,,,
DATAFLOW,STATSNZ:CEN23_EDU_003(1.0),"Highest qualification, industry, and gender for the employed census usually resident population count aged 15 years and over, (RC, TALB, SA2, Health), 2013, 2018, and 2023 Censuses",I,2023,2023,9999,Total - New Zealand by regional council,002,Level 2 certificate,O,Public Administration and Safety,99,Total - gender,13902,,,
DATAFLOW,STATSNZ:CEN23_EDU_003(1.0),"Highest qualification, industry, and gender for the employed census usually resident population count aged 15 years and over, (RC, TALB, SA2, Health), 2013, 2018, and 2023 Censuses",I,2023,2023,9999,Total - New Zealand by regional council,008,Post-graduate and honours degrees,A,"Agriculture, Forestry and Fishing",99,Total - gender,3930,,,
DATAFLOW,STATSNZ:CEN23_EDU_003(1.0),"Highest qualification, industry, and gender for the employed census usually resident population count aged 15 years and over, (RC, TALB, SA2, Health), 2013, 2018, and 2023 Censuses",I,2023,2023,9999,Total - New Zealand by regional council,008,Post-graduate and honours degrees,F,Wholesale Trade,99,Total - gender,6870,,,
DATAFLOW,STATSNZ:CEN23_EDU_003(1.0),"Highest qualification, industry, and gender for the employed census usually resident population count aged 15 years and over, (RC, TALB, SA2, Health), 2013, 2018, and 2023 Censuses",I,2023,2023,9999,Total - New Zealand by regional council,001,Level 1 certificate,O,Public Administration and Safety,99,Total - gender,9387,,,
DATAFLOW,STATSNZ:CEN23_EDU_003(1.0),"Highest qualification, industry, and gender for the employed census usually resident population count aged 15 years and over, (RC, TALB, SA2, Health), 2013, 2018, and 2023 Censuses",I,2023,2023,9999,Total - New Zealand by regional council,001,Level 1 certificate,S,Other Services,99,Total - gender,8949,,,
DATAFLOW,STATSNZ:CEN23_EDU_003(1.0),"Highest qualification, industry, and gender for the employed census usually resident population count aged 15 years and over, (RC, TALB, SA2, Health), 2013, 2018, and 2023 Censuses",I,2023,2023,9999,Total - New Zealand by regional council,7777,Total stated - highest qualification,H,Accommodation and Food Services,99,Total - gender,147759,,,
DATAFLOW,STATSNZ:CEN23_EDU_003(1.0),"Highest qualification, industry, and gender for the employed census usually resident population count aged 15 years and over, (RC, TALB, SA2, Health), 2013, 2018, and 2023 Censuses",I,2023,2023,9999,Total - New Zealand by regional council,011,Overseas secondary school qualification,B,Mining,99,Total - gender,159,,,
DATAFLOW,STATSNZ:CEN23_EDU_003(1.0),"Highest qualification, industry, and gender for the employed census usually resident population count aged 15 years and over, (RC, TALB, SA2, Health), 2013, 2018, and 2023 Censuses",I,2023,2023,9999,Total - New Zealand by regional council,999,Not elsewhere included,B,Mining,99,Total - gender,150,,,
DATAFLOW,STATSNZ:CEN23_EDU_003(1.0),"Highest qualification, industry, and gender for the employed census usually resident population count aged 15 years and over, (RC, TALB, SA2, Health), 2013, 2018, and 2023 Censuses",I,2023,2023,9999,Total - New Zealand by regional council,007,Bachelor degree and level 7 qualification,P,Education and Training,99,Total - gender,59619,,,
DATAFLOW,STATSNZ:CEN23_EDU_003(1.0),"Highest qualification, industry, and gender for the employed census usually resident population count aged 15 years and over, (RC, TALB, SA2, Health), 2013, 2018, and 2023 Censuses",I,2023,2023,9999,Total - New Zealand by regional council,009,Masters degree,I,"Transport, Postal and Warehousing",99,Total - gender,2487,,,
DATAFLOW,STATSNZ:CEN23_EDU_003(1.0),"Highest qualification, industry, and gender for the employed census usually resident population count aged 15 years and over, (RC, TALB, SA2, Health), 2013, 2018, and 2023 Censuses",I,2023,2023,9999,Total - New Zealand by regional council,001,Level 1 certificate,P,Education and Training,99,Total - gender,8757,,,
DATAFLOW,STATSNZ:CEN23_EDU_003(1.0),"Highest qualification, industry, and gender for the employed census usually resident population count aged 15 years and over, (RC, TALB, SA2, Health), 2013, 2018, and 2023 Censuses",I,2023,2023,9999,Total - New Zealand by regional council,003,Level 3 certificate,K,Financial and Insurance Services,99,Total - gender,9219,,,
DATAFLOW,STATSNZ:CEN23_EDU_003(1.0),"Highest qualification, industry, and gender for the employed census usually resident population count aged 15 years and over, (RC, TALB, SA2, Health), 2013, 2018, and 2023 Censuses",I,2023,2023,9999,Total - New Zealand by regional council,003,Level 3 certificate,E,Construction,99,Total - gender,37677,,,
DATAFLOW,STATSNZ:CEN23_EDU_003(1.0),"Highest qualification, industry, and gender for the employed census usually resident population count aged 15 years and over, (RC, TALB, SA2, Health), 2013, 2018, and 2023 Censuses",I,2023,2023,9999,Total - New Zealand by regional council,010,Doctorate degree,I,"Transport, Postal and Warehousing",99,Total - gender,147,,,
DATAFLOW,STATSNZ:CEN23_EDU_003(1.0),"Highest qualification, industry, and gender for the employed census usually resident population count aged 15 years and over, (RC, TALB, SA2, Health), 2013, 2018, and 2023 Censuses",I,2023,2023,9999,Total - New Zealand by regional council,000,No qualification,N,Administrative and Support Services,99,Total - gender,13188,,,
DATAFLOW,STATSNZ:CEN23_EDU_003(1.0),"Highest qualification, industry, and gender for the employed census usually resident population count aged 15 years and over, (RC, TALB, SA2, Health), 2013, 2018, and 2023 Censuses",I,2023,2023,9999,Total - New Zealand by regional council,008,Post-graduate and honours degrees,J,Information Media and Telecommunications,99,Total - gender,4083,,,
DATAFLOW,STATSNZ:CEN23_EDU_003(1.0),"Highest qualification, industry, and gender for the employed census usually resident population count aged 15 years and over, (RC, TALB, SA2, Health), 2013, 2018, and 2023 Censuses",I,2023,2023,9999,Total - New Zealand by regional council,006,Level 6 diploma,G,Retail Trade,99,Total - gender,7650,,,
DATAFLOW,STATSNZ:CEN23_EDU_003(1.0),"Highest qualification, industry, and gender for the employed census usually resident population count aged 15 years and over, (RC, TALB, SA2, Health), 2013, 2018, and 2023 Censuses",I,2023,2023,9999,Total - New Zealand by regional council,000,No qualification,T,Not Elsewhere Included,99,Total - gender,0,,,
DATAFLOW,STATSNZ:CEN23_EDU_003(1.0),"Highest qualification, industry, and gender for the employed census usually resident population count aged 15 years and over, (RC, TALB, SA2, Health), 2013, 2018, and 2023 Censuses",I,2023,2023,9999,Total - New Zealand by regional council,002,Level 2 certificate,N,Administrative and Support Services,99,Total - gender,10533,,,
DATAFLOW,STATSNZ:CEN23_EDU_003(1.0),"Highest qualification, industry, and gender for the employed census usually resident population count aged 15 years and over, (RC, TALB, SA2, Health), 2013, 2018, and 2023 Censuses",I,2023,2023,9999,Total - New Zealand by regional council,002,Level 2 certificate,S,Other Services,99,Total - gender,9978,,,
DATAFLOW,STATSNZ:CEN23_EDU_003(1.0),"Highest qualification, industry, and gender for the employed census usually resident population count aged 15 years and over, (RC, TALB, SA2, Health), 2013, 2018, and 2023 Censuses",I,2023,2023,9999,Total - New Zealand by regional council,000,No qualification,J,Information Media and Telecommunications,99,Total - gender,1401,,,
DATAFLOW,STATSNZ:CEN23_EDU_003(1.0),"Highest qualification, industry, and gender for the employed census usually resident population count aged 15 years and over, (RC, TALB, SA2, Health), 2013, 2018, and 2023 Censuses",I,2023,2023,9999,Total - New Zealand by regional council,005,Level 5 diploma,R,Arts and Recreation Services,99,Total - gender,2544,,,
DATAFLOW,STATSNZ:CEN23_EDU_003(1.0),"Highest qualification, industry, and gender for the employed census usually resident population count aged 15 years and over, (RC, TALB, SA2, Health), 2013, 2018, and 2023 Censuses",I,2023,2023,9999,Total - New Zealand by regional council,004,Level 4 certificate,L,"Rental, Hiring and Real Estate Services",99,Total - gender,7029,,,
DATAFLOW,STATSNZ:CEN23_EDU_003(1.0),"Highest qualification, industry, and gender for the employed census usually resident population count aged 15 years and over, (RC, TALB, SA2, Health), 2013, 2018, and 2023 Censuses",I,2023,2023,9999,Total - New Zealand by regional council,010,Doctorate degree,9,Total - industry,99,Total - gender,30123,,,
DATAFLOW,STATSNZ:CEN23_EDU_003(1.0),"Highest qualification, industry, and gender for the employed census usually resident population count aged 15 years and over, (RC, TALB, SA2, Health), 2013, 2018, and 2023 Censuses",I,2023,2023,9999,Total - New Zealand by regional council,9999,Total - highest qualification,I,"Transport, Postal and Warehousing",99,Total - gender,106947,,,
DATAFLOW,STATSNZ:CEN23_EDU_003(1.0),"Highest qualification, industry, and gender for the employed census usually resident population count aged 15 years and over, (RC, TALB, SA2, Health), 2013, 2018, and 2023 Censuses",I,2023,2023,9999,Total - New Zealand by regional council,003,Level 3 certificate,P,Education and Training,99,Total - gender,15672,,,
DATAFLOW,STATSNZ:CEN23_EDU_003(1.0),"Highest qualification, industry, and gender for the employed census usually resident population count aged 15 years and over, (RC, TALB, SA2, Health), 2013, 2018, and 2023 Censuses",I,2023,2023,9999,Total - New Zealand by regional council,004,Level 4 certificate,A,"Agriculture, Forestry and Fishing",99,Total - gender,13452,,,
DATAFLOW,STATSNZ:CEN23_EDU_003(1.0),"Highest qualification, industry, and gender for the employed census usually resident population count aged 15 years and over, (RC, TALB, SA2, Health), 2013, 2018, and 2023 Censuses",I,2023,2023,9999,Total - New Zealand by regional council,005,Level 5 diploma,G,Retail Trade,99,Total - gender,11997,,,
